case_id,VoluntaryAct,DeathOfHumanBeing,FactualCausation,LegalCausation,UnlawfulKilling,IntentToKill,IntentToCauseGBH,MensReaIntent,MaliceAforethought,LossOfControl,DiminishedResponsibility,Defences,Verdict
CASE_00000,1,0.0,0,0,0,0,0,1,1,0,0,0,0.0
CASE_00001,1,0.0,1,0,1,1,0,0,1,0,1,0,0.0
CASE_00002,1,1.0,1,1,1,1,0,1,1,0,0,0,2.0
CASE_00003,1,1.0,0,0,1,0,0,1,1,0,0,0,2.0
CASE_00004,1,1.0,0,1,1,1,1,1,1,0,1,0,2.0
CASE_00005,1,1.0,0,0,1,0,0,1,1,0,0,0,2.0
CASE_00006,1,0.0,0,1,1,0,1,0,0,0,0,0,0.0
CASE_00007,0,1.0,0,1,1,1,0,1,1,0,0,0,2.0
CASE_00008,1,1.0,0,0,1,0,0,0,1,0,0,0,1.0
CASE_00009,1,1.0,0,1,1,1,1,1,0,0,0,1,2.0
CASE_00010,1,1.0,0,0,1,0,0,1,1,0,0,0,2.0
CASE_00011,1,0.0,0,0,1,0,0,0,1,0,0,0,0.0
CASE_00012,1,1.0,0,0,0,0,0,0,1,0,0,0,2.0
CASE_00013,1,1.0,0,0,1,1,0,1,1,0,0,0,2.0
CASE_00014,1,1.0,1,0,1,0,0,1,1,0,0,0,2.0
CASE_00015,1,1.0,1,0,1,0,0,1,1,0,0,0,2.0
CASE_00016,1,1.0,1,1,1,0,1,1,1,0,0,0,2.0
CASE_00017,1,1.0,0,0,1,0,0,1,0,0,0,0,2.0
CASE_00018,1,1.0,0,0,0,0,0,1,0,0,0,0,2.0
CASE_00019,1,1.0,0,1,1,1,1,0,0,0,0,0,2.0
CASE_00020,1,1.0,0,1,1,1,1,1,0,0,0,0,2.0
CASE_00021,0,1.0,0,0,0,0,0,1,0,0,0,0,1.0
CASE_00022,1,1.0,0,0,0,0,0,1,1,0,0,0,2.0
CASE_00023,1,1.0,0,1,1,0,1,1,0,0,0,0,2.0
CASE_00024,1,1.0,0,1,1,0,0,1,0,0,0,0,1.0
CASE_00025,1,1.0,0,0,0,0,0,0,1,0,0,0,2.0
CASE_00026,1,1.0,0,1,1,0,0,0,0,0,0,1,1.0
CASE_00027,1,1.0,1,0,1,0,0,1,1,0,1,0,2.0
CASE_00028,1,1.0,1,1,1,0,1,0,1,0,0,0,2.0
CASE_00029,1,1.0,1,1,0,1,0,1,1,0,0,0,2.0
CASE_00030,1,1.0,0,0,1,0,0,1,0,0,0,0,2.0
CASE_00031,1,1.0,0,1,0,0,0,0,0,0,0,1,0.0
CASE_00032,1,1.0,0,1,1,1,1,1,1,0,0,1,2.0
CASE_00033,1,1.0,0,1,1,1,1,1,1,0,0,0,2.0
CASE_00034,0,0.0,0,0,1,1,0,0,1,0,0,0,2.0
CASE_00035,1,1.0,0,0,1,0,0,1,1,0,0,0,2.0
CASE_00036,1,1.0,0,0,1,1,0,1,1,0,1,0,2.0
CASE_00037,1,1.0,0,0,1,0,0,1,0,0,0,0,2.0
CASE_00038,1,1.0,0,1,1,1,0,0,1,0,0,0,2.0
CASE_00039,1,1.0,0,0,1,0,0,1,1,0,0,0,2.0
CASE_00040,1,1.0,0,0,1,1,0,0,1,0,0,0,2.0
CASE_00041,1,1.0,0,1,1,0,1,1,1,0,0,1,2.0
CASE_00042,1,1.0,0,1,1,1,1,1,1,0,0,0,2.0
CASE_00043,1,1.0,0,0,0,0,0,1,1,0,0,0,2.0
CASE_00044,1,1.0,0,0,0,1,0,1,1,1,0,1,2.0
CASE_00045,1,0.0,0,0,0,0,0,1,0,0,0,1,0.0
CASE_00046,0,1.0,0,1,1,1,0,1,0,0,0,0,1.0
CASE_00047,1,1.0,1,1,1,0,0,1,1,0,1,0,1.0
CASE_00048,1,1.0,0,1,1,1,1,1,1,0,1,1,2.0
CASE_00049,1,1.0,0,0,1,0,0,1,0,0,0,1,2.0
CASE_00050,1,1.0,0,0,1,1,0,1,0,0,0,0,2.0
CASE_00051,1,1.0,1,1,1,1,1,1,1,0,0,0,1.0
CASE_00052,1,1.0,0,1,1,1,0,1,1,0,0,0,2.0
CASE_00053,1,1.0,1,0,1,0,0,1,1,0,0,1,0.0
CASE_00054,1,1.0,1,0,1,0,0,1,0,0,0,0,2.0
CASE_00055,1,1.0,0,0,0,0,0,0,1,0,1,0,2.0
CASE_00056,1,1.0,1,1,1,1,1,1,1,0,0,0,2.0
CASE_00057,1,1.0,1,0,1,0,0,1,1,0,0,0,2.0
CASE_00058,1,1.0,0,0,1,1,0,1,1,0,0,0,2.0
CASE_00059,1,1.0,0,1,1,0,1,0,1,0,0,0,0.0
CASE_00060,1,0.0,0,0,1,0,0,1,1,0,0,0,2.0
CASE_00061,1,1.0,0,0,0,0,0,1,1,0,0,0,2.0
CASE_00062,1,1.0,0,1,1,0,0,1,1,0,0,1,1.0
CASE_00063,1,1.0,0,1,1,1,1,1,0,0,0,0,2.0
CASE_00064,1,1.0,0,0,1,0,0,0,1,0,0,0,2.0
CASE_00065,1,1.0,1,1,1,0,1,1,0,1,1,1,2.0
CASE_00066,1,1.0,0,0,1,0,0,1,0,0,0,0,2.0
CASE_00067,1,1.0,0,1,1,1,1,1,0,0,0,1,2.0
CASE_00068,1,1.0,1,0,1,0,0,0,1,0,0,0,2.0
CASE_00069,1,0.0,0,0,1,0,0,0,1,0,0,0,2.0
CASE_00070,1,1.0,0,1,1,0,1,1,1,0,0,0,2.0
CASE_00071,0,1.0,0,0,1,0,0,1,0,0,0,0,0.0
CASE_00072,1,1.0,1,1,1,0,1,1,0,1,1,1,2.0
CASE_00073,1,1.0,0,0,0,0,0,0,1,0,0,0,2.0
CASE_00074,0,1.0,0,1,0,1,0,1,1,0,0,0,2.0
CASE_00075,1,1.0,0,1,1,0,0,1,1,0,0,0,2.0
CASE_00076,1,1.0,1,0,1,0,0,1,0,0,0,1,2.0
CASE_00077,1,1.0,0,1,1,1,0,1,0,0,0,1,2.0
CASE_00078,1,1.0,0,1,1,0,0,1,1,0,0,0,1.0
CASE_00079,1,0.0,0,0,0,0,0,0,0,0,0,0,0.0
CASE_00080,1,1.0,0,1,1,0,1,0,1,0,0,1,2.0
CASE_00081,1,1.0,0,1,1,1,1,0,1,0,0,0,2.0
CASE_00082,1,1.0,0,0,0,0,0,1,0,0,0,0,2.0
CASE_00083,1,1.0,1,0,1,0,0,1,1,0,0,0,2.0
CASE_00084,0,0.0,0,0,0,0,0,1,1,0,0,0,0.0
CASE_00085,1,1.0,0,0,0,0,0,1,0,0,0,0,2.0
CASE_00086,1,1.0,0,0,1,0,0,1,1,0,0,0,2.0
CASE_00087,1,1.0,1,0,1,1,0,1,1,0,0,0,2.0
CASE_00088,1,1.0,1,0,1,1,0,1,1,0,0,0,2.0
CASE_00089,1,1.0,1,0,1,0,0,1,0,0,0,0,2.0
CASE_00090,1,1.0,1,0,1,1,0,1,1,0,0,0,2.0
CASE_00091,1,1.0,0,0,1,1,0,1,1,0,0,0,2.0
CASE_00092,1,1.0,1,1,1,1,0,1,1,0,1,0,2.0
CASE_00093,1,1.0,1,1,1,1,1,1,1,0,0,0,2.0
CASE_00094,0,1.0,0,0,1,0,0,1,1,0,1,1,2.0
CASE_00095,1,1.0,0,0,1,0,0,1,1,0,0,0,2.0
CASE_00096,1,1.0,1,0,1,1,0,0,1,0,1,0,2.0
CASE_00097,1,1.0,0,0,0,0,0,0,0,0,0,0,2.0
CASE_00098,1,1.0,0,0,1,0,0,1,1,0,0,0,2.0
CASE_00099,0,1.0,0,0,0,0,0,1,0,0,0,0,2.0
CASE_00100,1,1.0,0,0,0,0,0,0,0,0,0,0,0.0
CASE_00101,1,1.0,0,0,1,1,0,1,1,0,0,0,2.0
CASE_00102,1,1.0,0,0,1,0,0,1,0,0,0,0,1.0
CASE_00103,1,1.0,0,0,1,0,0,1,0,0,0,0,2.0
CASE_00104,1,1.0,0,0,0,0,0,0,0,0,0,0,1.0
CASE_00105,1,1.0,0,1,1,0,0,1,1,1,1,1,1.0
CASE_00106,1,1.0,0,0,1,0,0,0,1,0,0,0,2.0
CASE_00107,0,1.0,0,1,0,0,0,0,0,0,0,0,2.0
CASE_00108,1,1.0,0,0,0,0,0,0,0,0,0,0,2.0
CASE_00109,1,1.0,1,0,0,0,0,1,0,0,0,0,1.0
CASE_00110,1,0.0,0,1,1,1,1,1,1,0,0,0,0.0
CASE_00111,1,1.0,0,0,1,0,0,0,1,0,1,0,2.0
CASE_00112,1,1.0,0,0,1,0,1,0,1,0,0,1,2.0
CASE_00113,1,1.0,0,0,1,0,0,1,0,0,0,0,0.0
CASE_00114,1,1.0,0,0,0,0,0,0,0,0,0,0,2.0
CASE_00115,1,1.0,0,0,0,0,0,1,1,0,0,0,2.0
CASE_00116,1,1.0,0,0,1,1,0,1,1,0,0,0,2.0
CASE_00117,1,1.0,0,0,1,0,0,1,1,0,0,0,2.0
CASE_00118,1,1.0,1,1,1,1,1,1,1,0,0,1,2.0
CASE_00119,1,1.0,1,1,1,1,1,0,1,0,0,0,2.0
CASE_00120,0,1.0,0,0,1,0,0,1,0,0,0,0,2.0
CASE_00121,1,1.0,0,1,1,1,0,1,0,0,0,1,1.0
CASE_00122,1,1.0,0,0,0,0,0,1,0,0,0,0,0.0
CASE_00123,1,1.0,0,1,1,1,1,1,0,1,0,0,2.0
CASE_00124,1,1.0,0,0,1,1,0,0,1,0,0,0,2.0
CASE_00125,1,1.0,1,0,1,0,1,0,1,0,1,0,1.0
CASE_00126,1,1.0,0,0,1,0,0,1,1,0,0,0,2.0
CASE_00127,1,1.0,0,1,0,0,0,1,1,0,0,0,2.0
CASE_00128,1,1.0,0,0,1,0,0,1,1,0,0,0,2.0
CASE_00129,0,1.0,0,0,0,0,0,0,0,0,0,0,2.0
CASE_00130,1,1.0,1,0,1,1,0,0,1,0,0,1,2.0
CASE_00131,1,1.0,1,0,1,0,0,1,1,0,0,0,2.0
CASE_00132,1,1.0,0,0,1,0,0,1,1,0,0,1,1.0
CASE_00133,1,1.0,0,1,1,0,1,0,0,0,0,1,1.0
CASE_00134,1,1.0,0,0,0,0,0,1,0,0,0,0,2.0
CASE_00135,1,1.0,0,0,0,0,0,0,1,0,0,0,2.0
CASE_00137,1,1.0,0,1,1,1,1,1,1,0,0,1,2.0
CASE_00138,1,1.0,0,0,1,0,0,1,0,0,0,0,2.0
CASE_00139,1,1.0,1,0,1,0,1,1,0,0,0,0,2.0
CASE_00140,1,1.0,1,0,1,0,0,1,1,0,0,0,2.0
CASE_00141,1,1.0,0,0,1,0,0,1,0,0,0,0,2.0
CASE_00142,1,1.0,0,1,1,0,1,1,1,0,0,0,2.0
CASE_00143,1,1.0,1,0,1,1,0,1,1,1,0,1,2.0
CASE_00144,1,1.0,1,0,0,0,0,1,1,0,0,1,2.0
CASE_00145,0,1.0,0,0,1,0,0,1,1,0,0,0,2.0
CASE_00146,1,1.0,0,0,1,0,0,0,1,0,0,0,2.0
CASE_00147,1,1.0,0,0,1,0,0,0,0,0,1,0,1.0
CASE_00148,1,1.0,0,0,1,0,0,1,0,0,0,0,0.0
CASE_00149,1,1.0,0,0,0,0,0,1,1,0,0,0,2.0
CASE_00150,1,1.0,0,0,1,0,0,0,1,0,1,0,2.0
CASE_00151,1,1.0,0,0,0,0,0,1,1,0,0,0,2.0
CASE_00152,1,1.0,1,1,1,0,0,0,0,0,0,0,2.0
CASE_00153,1,1.0,1,1,1,1,1,1,1,1,1,0,1.0
CASE_00154,1,1.0,0,1,1,0,1,1,1,0,0,0,2.0
CASE_00155,1,1.0,0,1,1,1,1,1,0,0,0,0,2.0
CASE_00156,1,1.0,0,0,1,0,0,0,1,0,0,0,2.0
CASE_00157,0,1.0,0,0,1,1,0,1,1,0,0,0,1.0
CASE_00158,1,1.0,0,0,1,0,0,0,1,0,0,0,2.0
CASE_00159,1,1.0,0,0,1,1,0,1,1,0,0,0,2.0
CASE_00160,1,1.0,1,0,1,0,0,1,1,0,0,0,2.0
CASE_00161,1,1.0,0,0,1,0,0,1,1,0,0,0,1.0
CASE_00162,1,1.0,1,1,1,0,1,1,0,0,0,1,2.0
CASE_00163,0,0.0,0,0,0,0,0,0,1,0,0,0,0.0
CASE_00164,1,1.0,0,0,1,0,0,1,0,0,0,0,2.0
CASE_00165,1,1.0,1,0,1,0,0,1,0,0,0,1,2.0
CASE_00166,1,1.0,1,1,1,1,0,1,1,0,0,1,2.0
CASE_00167,1,1.0,0,1,1,1,1,0,0,0,1,1,1.0
CASE_00168,1,1.0,0,1,1,1,1,1,1,0,1,0,2.0
CASE_00169,1,1.0,0,1,1,0,1,1,1,0,1,1,2.0
CASE_00171,1,1.0,0,0,1,0,0,1,1,0,0,0,2.0
CASE_00172,1,1.0,1,0,1,0,0,1,1,0,0,0,2.0
CASE_00174,1,1.0,0,0,0,0,0,1,1,0,0,0,2.0
CASE_00175,1,1.0,0,0,1,1,0,1,0,0,0,1,2.0
CASE_00176,1,1.0,0,0,1,1,0,1,1,0,0,0,2.0
CASE_00178,1,1.0,0,0,0,1,0,1,1,0,0,0,2.0
CASE_00179,1,1.0,0,0,0,0,0,1,1,0,0,0,2.0
CASE_00180,1,1.0,0,0,1,0,0,1,1,0,0,0,0.0
CASE_00181,1,1.0,0,1,1,0,1,0,1,0,0,1,2.0
CASE_00182,1,1.0,0,1,0,0,0,1,0,0,0,0,2.0
CASE_00183,1,1.0,0,0,1,1,0,0,1,1,1,0,1.0
CASE_00184,1,0.0,0,1,1,0,0,1,1,0,0,1,0.0
CASE_00185,1,1.0,0,0,0,0,0,0,0,0,0,0,2.0
CASE_00186,1,0.0,0,1,1,0,1,1,0,0,0,0,1.0
CASE_00187,1,1.0,1,0,1,0,0,1,0,0,0,0,2.0
CASE_00188,1,1.0,0,0,1,0,0,1,0,0,0,0,2.0
CASE_00189,0,1.0,0,0,0,0,0,0,0,0,1,0,2.0
CASE_00190,1,1.0,0,0,0,0,0,0,1,0,0,0,2.0
CASE_00191,1,1.0,0,0,0,0,0,1,1,0,0,0,2.0
CASE_00192,1,1.0,0,1,1,1,1,1,1,0,0,0,2.0
CASE_00193,1,1.0,0,0,0,0,0,1,0,0,1,0,2.0
CASE_00194,1,1.0,1,0,1,0,0,1,1,0,0,0,2.0
CASE_00195,1,1.0,0,0,1,1,0,1,1,0,0,0,2.0
CASE_00196,1,1.0,0,1,1,1,1,0,1,0,0,0,0.0
CASE_00197,1,1.0,1,0,1,1,0,1,1,1,0,0,2.0
CASE_00198,1,1.0,0,0,1,1,0,1,1,0,0,0,2.0
CASE_00199,1,1.0,0,0,1,0,0,1,1,0,0,1,2.0
CASE_00200,1,1.0,0,0,1,0,0,1,1,1,0,0,2.0
CASE_00201,1,1.0,0,0,0,0,0,1,0,0,0,0,0.0
CASE_00202,0,1.0,0,0,0,0,0,1,0,0,1,0,1.0
CASE_00203,1,1.0,0,0,0,0,0,0,0,1,0,1,1.0
CASE_00204,0,1.0,0,0,0,0,0,0,0,0,1,0,1.0
CASE_00205,1,1.0,0,1,1,1,1,1,1,0,1,0,2.0
CASE_00206,1,1.0,1,1,1,0,1,1,0,0,0,1,2.0
CASE_00207,1,1.0,0,0,1,1,0,0,1,0,0,0,2.0
CASE_00208,1,1.0,1,0,1,0,0,1,0,0,0,0,2.0
CASE_00209,1,1.0,0,1,1,1,1,1,1,0,0,0,2.0
CASE_00210,1,0.0,0,0,0,0,0,0,1,0,0,0,2.0
CASE_00211,0,1.0,0,1,1,0,0,1,0,0,1,0,1.0
CASE_00212,1,1.0,0,0,1,1,0,1,1,0,0,1,2.0
CASE_00213,1,1.0,0,0,1,0,0,1,0,0,0,0,2.0
CASE_00214,1,1.0,0,1,1,1,0,0,0,0,1,0,1.0
CASE_00217,1,1.0,1,0,0,0,0,1,1,0,0,0,0.0
CASE_00218,1,1.0,0,1,1,0,1,0,1,0,0,0,2.0
CASE_00219,1,1.0,0,1,1,0,0,0,1,1,0,1,1.0
CASE_00220,1,1.0,0,0,1,0,0,1,1,1,0,0,2.0
CASE_00221,1,1.0,0,0,1,1,0,1,0,0,1,0,1.0
CASE_00222,1,1.0,0,0,0,0,0,0,0,0,0,0,2.0
CASE_00223,1,1.0,0,0,1,0,0,1,0,0,1,0,0.0
CASE_00224,1,1.0,0,0,0,0,0,0,0,0,0,0,2.0
CASE_00225,1,1.0,0,0,1,1,0,0,1,0,0,0,2.0
CASE_00226,1,1.0,0,1,1,0,0,1,1,0,0,1,2.0
CASE_00227,1,1.0,0,0,0,0,0,1,1,0,0,0,2.0
CASE_00228,1,1.0,1,0,1,0,0,1,1,0,1,1,2.0
CASE_00229,1,1.0,1,0,1,0,0,1,1,0,1,1,1.0
CASE_00230,1,1.0,1,0,1,1,0,1,1,0,1,0,2.0
CASE_00231,1,1.0,0,0,1,1,0,1,1,0,0,0,2.0
CASE_00232,1,0.0,0,1,1,0,1,1,0,0,0,1,0.0
CASE_00233,1,1.0,0,0,1,0,0,1,1,0,0,0,2.0
CASE_00234,1,1.0,0,0,1,0,0,0,1,0,0,0,2.0
CASE_00235,0,1.0,0,0,1,0,0,1,0,0,1,0,2.0
CASE_00236,1,1.0,0,1,1,0,1,1,1,0,0,0,2.0
CASE_00237,1,1.0,1,1,1,0,0,0,0,0,1,0,2.0
CASE_00238,1,1.0,0,1,1,0,1,1,0,0,0,0,2.0
CASE_00239,1,1.0,0,1,0,1,0,1,0,0,0,0,1.0
CASE_00240,1,1.0,0,0,1,1,0,1,1,0,0,0,2.0
CASE_00241,1,1.0,0,1,1,1,1,1,0,0,0,0,0.0
CASE_00242,1,1.0,0,1,1,1,0,1,1,0,0,0,2.0
CASE_00243,1,1.0,0,0,1,0,0,1,1,0,0,0,2.0
CASE_00244,1,1.0,1,1,1,1,1,0,1,0,0,0,2.0
CASE_00245,1,1.0,0,0,0,0,0,1,1,0,0,0,2.0
CASE_00246,1,1.0,0,0,1,0,0,1,1,0,0,0,2.0
CASE_00247,1,1.0,1,0,1,1,0,1,1,1,1,1,2.0
CASE_00248,1,1.0,0,1,1,0,1,1,1,0,1,0,2.0
CASE_00249,1,1.0,0,0,1,0,0,0,1,0,0,0,2.0
CASE_00250,0,1.0,0,0,1,0,0,1,0,0,0,0,0.0
CASE_00251,1,1.0,0,0,1,0,0,1,0,0,0,0,2.0
CASE_00252,1,0.0,0,0,0,1,0,0,1,0,0,0,0.0
CASE_00253,1,1.0,1,1,1,1,0,1,0,0,0,1,1.0
CASE_00254,1,1.0,0,0,1,1,0,1,0,0,0,1,2.0
CASE_00255,1,1.0,1,1,1,0,0,1,0,0,0,0,1.0
CASE_00256,1,1.0,0,0,1,0,0,0,0,0,1,0,2.0
CASE_00257,1,1.0,0,0,1,0,0,0,0,0,0,0,0.0
CASE_00258,0,0.0,0,0,0,0,0,0,1,0,0,0,2.0
CASE_00259,1,0.0,0,1,1,0,1,0,1,0,0,0,1.0
CASE_00260,1,1.0,0,0,0,0,0,0,0,0,0,0,2.0
CASE_00261,0,1.0,0,1,1,1,1,1,1,0,0,1,2.0
CASE_00262,1,1.0,0,1,1,0,1,1,1,0,0,0,1.0
CASE_00263,1,1.0,0,0,1,0,0,1,0,0,0,0,2.0
CASE_00265,1,1.0,0,0,0,0,0,1,1,1,0,1,2.0
CASE_00266,1,1.0,1,0,1,1,0,1,1,0,0,0,1.0
CASE_00267,1,1.0,1,0,1,0,0,1,1,0,0,0,2.0
CASE_00268,1,1.0,0,0,1,1,0,1,1,0,0,0,0.0
CASE_00269,1,1.0,0,1,1,0,0,1,1,0,0,0,1.0
CASE_00270,0,1.0,0,0,0,0,0,0,0,0,0,0,2.0
CASE_00271,1,1.0,0,0,0,0,0,1,1,0,0,0,2.0
CASE_00272,1,1.0,0,0,1,0,0,1,0,0,0,0,2.0
CASE_00274,1,1.0,0,1,1,0,1,1,1,0,0,0,2.0
CASE_00275,1,1.0,1,0,1,0,0,1,0,0,0,0,2.0
CASE_00276,1,1.0,0,1,1,1,0,1,1,0,0,1,2.0
CASE_00277,1,1.0,1,1,1,1,1,1,1,0,0,0,2.0
CASE_00278,1,1.0,0,0,1,0,0,1,0,1,0,0,2.0
CASE_00279,1,1.0,0,0,1,1,0,1,1,0,0,0,2.0
CASE_00281,1,1.0,0,1,1,0,1,1,1,0,0,1,2.0
CASE_00282,1,1.0,0,1,1,1,1,1,1,0,1,0,2.0
CASE_00283,1,1.0,1,1,1,1,1,1,1,0,1,1,2.0
CASE_00284,1,1.0,0,1,1,1,1,0,1,0,0,0,2.0
CASE_00285,1,1.0,0,0,1,0,0,1,1,0,0,1,2.0
CASE_00286,1,1.0,0,1,1,1,0,1,1,0,0,1,2.0
CASE_00287,1,1.0,0,1,1,1,0,0,1,0,1,0,2.0
CASE_00288,1,1.0,0,0,1,1,0,1,1,0,0,0,2.0
CASE_00289,1,1.0,0,0,1,0,0,0,1,0,1,0,1.0
CASE_00290,1,1.0,0,0,1,0,0,1,1,0,0,0,2.0
CASE_00291,1,1.0,1,0,1,1,0,1,1,1,0,0,2.0
CASE_00292,1,1.0,0,0,0,0,0,1,0,0,0,0,2.0
CASE_00293,1,1.0,0,0,0,0,0,1,1,0,0,0,2.0
CASE_00294,1,1.0,0,0,1,0,0,1,0,0,0,0,2.0
CASE_00295,0,1.0,0,1,1,0,1,1,1,0,0,1,2.0
CASE_00296,1,1.0,0,0,0,0,0,1,0,0,0,0,2.0
CASE_00297,1,1.0,1,0,1,0,0,1,1,0,0,0,2.0
CASE_00298,1,1.0,0,1,1,1,1,0,1,0,1,1,1.0
CASE_00299,1,1.0,0,0,0,0,0,0,0,0,0,0,2.0
CASE_00300,1,1.0,0,0,1,0,0,1,1,1,1,0,1.0
CASE_00302,1,1.0,0,0,1,1,0,1,1,1,0,0,1.0
CASE_00303,1,1.0,1,0,1,0,0,1,1,0,0,0,2.0
CASE_00304,1,1.0,0,0,1,0,0,1,0,0,0,0,2.0
CASE_00305,1,1.0,1,1,1,0,0,1,0,1,0,0,2.0
CASE_00306,1,1.0,0,1,1,0,1,1,1,0,0,0,2.0
CASE_00307,1,1.0,1,1,1,1,1,1,1,0,0,0,2.0
CASE_00308,1,1.0,0,0,1,0,0,1,0,0,0,0,2.0
CASE_00309,0,1.0,0,0,0,0,0,0,0,0,0,0,2.0
CASE_00310,0,1.0,0,0,0,0,0,1,1,0,0,0,2.0
CASE_00311,1,1.0,0,0,1,0,0,1,1,0,0,0,2.0
CASE_00312,1,1.0,0,0,1,1,0,1,1,0,0,0,0.0
CASE_00313,1,1.0,0,0,1,1,0,1,1,1,1,1,2.0
CASE_00314,1,1.0,0,0,1,1,0,1,0,1,0,1,2.0
CASE_00315,1,1.0,0,0,0,0,0,1,0,0,0,0,0.0
CASE_00316,1,1.0,1,0,1,0,0,1,0,0,0,0,2.0
CASE_00317,1,1.0,0,0,0,0,0,1,0,0,0,1,2.0
CASE_00318,1,1.0,0,0,0,0,0,1,0,0,0,0,0.0
CASE_00319,1,1.0,0,0,1,0,0,0,1,0,1,0,2.0
CASE_00320,1,1.0,1,1,1,0,0,1,1,0,0,0,1.0
CASE_00321,1,1.0,0,0,0,0,0,0,0,0,0,1,2.0
CASE_00322,1,1.0,0,0,1,1,0,1,1,0,0,0,2.0
CASE_00323,1,0.0,0,0,1,0,0,1,0,0,0,0,1.0
CASE_00324,1,1.0,1,0,1,0,0,1,0,0,0,0,2.0
CASE_00325,0,1.0,0,0,0,1,0,1,1,0,0,1,2.0
CASE_00326,1,1.0,0,1,1,1,1,1,1,0,0,0,2.0
CASE_00327,1,1.0,0,0,0,1,0,1,1,0,0,0,2.0
CASE_00328,1,1.0,0,1,1,1,1,1,1,0,0,0,2.0
CASE_00329,1,1.0,0,1,1,1,1,1,1,0,0,0,1.0
CASE_00330,1,1.0,0,0,1,0,0,1,1,0,0,0,2.0
CASE_00331,1,1.0,1,1,1,1,1,1,0,0,0,1,2.0
CASE_00332,1,1.0,0,0,1,1,0,1,1,0,0,1,2.0
CASE_00333,1,1.0,0,0,0,0,0,1,1,0,0,0,0.0
CASE_00334,1,1.0,1,1,1,0,1,1,1,0,0,0,1.0
CASE_00335,1,1.0,0,1,1,1,1,1,1,0,0,1,1.0
CASE_00336,1,1.0,0,0,0,0,0,1,1,0,0,0,2.0
CASE_00337,1,1.0,0,0,1,1,0,0,1,0,0,0,2.0
CASE_00338,1,1.0,0,1,1,0,1,1,1,0,0,1,2.0
CASE_00339,1,1.0,1,0,1,0,0,1,1,0,0,0,2.0
CASE_00340,0,1.0,0,0,0,0,0,0,1,0,0,0,0.0
CASE_00341,0,1.0,0,0,0,0,0,0,0,0,1,1,2.0
CASE_00342,1,0.0,0,0,0,0,0,0,0,0,0,0,0.0
CASE_00343,1,1.0,1,0,1,1,0,1,0,0,1,0,2.0
CASE_00344,0,1.0,0,0,0,0,0,0,0,0,0,1,2.0
CASE_00345,1,1.0,1,1,1,1,1,1,1,0,0,1,2.0
CASE_00346,1,1.0,0,0,1,0,0,0,0,0,0,0,0.0
CASE_00347,1,1.0,0,0,1,1,0,1,1,0,1,1,2.0
CASE_00348,1,1.0,0,0,1,0,0,1,1,0,0,0,2.0
CASE_00349,1,1.0,0,0,1,0,0,1,0,0,0,0,2.0
CASE_00350,1,1.0,0,0,1,1,0,1,1,0,0,0,2.0
CASE_00351,1,1.0,0,0,1,0,0,1,0,0,1,0,2.0
CASE_00352,1,1.0,0,1,1,0,1,1,1,0,1,0,2.0
CASE_00353,1,1.0,1,1,1,1,0,1,1,0,0,1,2.0
CASE_00354,1,1.0,0,1,1,1,0,0,1,0,0,0,2.0
CASE_00355,1,1.0,0,0,1,0,0,1,1,0,0,1,2.0
CASE_00356,1,1.0,0,0,1,0,0,1,0,0,0,0,2.0
CASE_00357,1,1.0,0,0,1,0,0,1,1,0,0,1,2.0
CASE_00358,1,1.0,0,0,0,0,0,1,0,0,1,0,1.0
CASE_00359,1,1.0,0,1,1,1,1,1,1,0,0,0,2.0
CASE_00360,1,1.0,0,0,1,0,0,1,0,0,1,0,2.0
CASE_00361,1,1.0,1,0,1,1,0,1,1,0,0,0,2.0
CASE_00362,1,1.0,1,1,1,0,1,1,1,1,0,1,2.0
CASE_00363,0,1.0,1,0,1,0,0,1,0,0,0,0,2.0
CASE_00364,1,1.0,0,1,0,0,0,1,1,0,0,0,2.0
CASE_00365,1,1.0,0,0,1,0,0,1,0,0,0,0,2.0
CASE_00366,1,1.0,1,0,1,0,0,1,0,0,0,0,2.0
CASE_00367,1,1.0,0,0,1,0,0,1,0,0,0,0,2.0
CASE_00368,1,1.0,0,1,1,1,0,1,0,0,0,1,2.0
CASE_00369,1,1.0,0,0,1,0,0,0,1,0,0,0,2.0
CASE_00370,1,1.0,0,1,1,1,0,1,1,1,0,1,2.0
CASE_00371,1,1.0,1,0,1,0,0,0,0,0,0,0,2.0
CASE_00372,1,1.0,0,0,1,0,0,0,1,0,0,0,2.0
CASE_00373,1,1.0,0,0,1,1,0,1,1,0,1,1,2.0
CASE_00374,0,1.0,0,1,1,0,0,1,0,0,0,0,0.0
CASE_00375,1,1.0,0,0,0,0,0,1,1,0,0,0,2.0
CASE_00376,1,1.0,0,0,1,0,0,0,0,0,0,0,2.0
CASE_00377,1,1.0,0,1,1,1,1,1,0,0,1,0,2.0
CASE_00378,1,1.0,0,0,1,0,0,1,1,0,0,0,2.0
CASE_00379,1,1.0,1,0,1,1,0,1,1,0,0,0,2.0
CASE_00380,1,1.0,0,0,0,0,0,1,0,0,0,0,2.0
CASE_00381,1,1.0,0,0,1,0,0,1,1,0,0,0,2.0
CASE_00382,0,1.0,1,1,1,1,1,1,1,0,0,1,1.0
CASE_00383,1,1.0,0,1,1,1,0,1,1,1,1,0,1.0
CASE_00384,1,1.0,0,1,1,1,0,1,0,0,1,0,1.0
CASE_00385,0,1.0,0,1,1,0,1,1,0,0,0,1,1.0
CASE_00386,1,1.0,0,0,0,0,0,0,0,0,0,0,2.0
CASE_00387,0,1.0,0,0,0,0,0,0,1,0,0,0,0.0
CASE_00388,0,1.0,0,0,1,1,0,1,1,0,0,0,2.0
CASE_00389,1,1.0,1,1,1,1,1,0,1,0,0,0,2.0
CASE_00390,1,1.0,1,0,0,0,0,1,0,0,0,0,2.0
CASE_00391,1,1.0,0,1,1,1,1,1,1,0,1,0,2.0
CASE_00392,1,1.0,1,1,1,0,1,1,1,0,1,1,2.0
CASE_00393,0,0.0,0,0,0,0,0,0,1,0,0,0,2.0
CASE_00394,0,1.0,1,0,1,0,0,1,1,0,1,0,2.0
CASE_00395,1,1.0,0,0,0,0,0,0,1,0,0,0,2.0
CASE_00396,1,1.0,0,1,1,0,0,0,1,0,0,0,0.0
CASE_00397,1,1.0,1,0,1,0,0,1,0,0,0,1,2.0
CASE_00398,0,1.0,0,0,0,0,0,0,0,0,0,0,2.0
CASE_00399,1,1.0,1,1,1,0,0,0,0,0,0,0,2.0
CASE_00400,1,1.0,0,0,1,0,0,1,1,0,0,0,2.0
CASE_00401,1,0.0,0,0,0,0,0,0,1,0,0,0,2.0
CASE_00402,1,1.0,0,1,1,1,1,0,1,0,0,1,1.0
CASE_00403,1,1.0,1,0,1,0,0,0,1,0,0,0,2.0
CASE_00404,1,1.0,0,0,1,1,0,1,1,0,0,1,2.0
CASE_00405,1,1.0,1,1,1,1,1,1,1,0,0,0,2.0
CASE_00406,1,1.0,0,0,0,1,0,1,0,0,0,0,2.0
CASE_00407,1,1.0,1,1,1,1,1,0,1,0,0,1,2.0
CASE_00408,1,1.0,0,0,1,1,0,1,1,0,0,0,2.0
CASE_00409,1,1.0,0,0,1,0,0,1,1,0,0,0,2.0
CASE_00410,1,1.0,0,0,1,0,0,1,0,0,1,1,2.0
CASE_00411,1,1.0,1,1,1,0,1,1,0,0,1,1,2.0
CASE_00412,1,1.0,1,0,1,0,0,1,0,0,0,0,2.0
CASE_00413,1,1.0,1,0,1,0,0,1,1,1,0,1,2.0
CASE_00414,1,1.0,1,0,0,0,0,0,0,0,0,0,2.0
CASE_00415,1,1.0,0,1,1,1,0,1,1,0,1,0,2.0
CASE_00416,1,1.0,0,0,1,0,0,1,0,0,0,0,2.0
CASE_00417,1,1.0,0,0,1,0,0,0,1,0,0,0,2.0
CASE_00418,1,1.0,1,1,1,1,0,1,1,1,0,1,1.0
CASE_00419,1,1.0,0,0,1,0,0,0,1,0,0,0,2.0
CASE_00420,1,0.0,0,1,1,0,1,0,1,1,1,1,2.0
CASE_00421,1,1.0,0,1,0,0,0,1,1,0,0,1,2.0
CASE_00422,1,1.0,1,0,1,0,0,1,1,0,0,0,2.0
CASE_00423,1,1.0,0,0,1,0,0,1,1,0,1,0,2.0
CASE_00424,1,1.0,0,0,1,0,0,1,1,0,0,0,2.0
CASE_00425,1,1.0,0,1,1,0,0,1,1,0,0,1,2.0
CASE_00426,0,1.0,0,1,1,0,0,1,0,0,0,0,1.0
CASE_00427,1,1.0,0,1,1,1,1,1,1,0,0,1,2.0
CASE_00428,1,1.0,1,1,1,0,0,0,0,0,0,0,2.0
CASE_00429,1,1.0,0,1,1,1,1,0,0,0,1,1,2.0
CASE_00430,1,1.0,0,0,1,0,0,1,0,1,1,1,2.0
CASE_00431,1,1.0,0,1,1,0,0,1,1,0,0,0,1.0
CASE_00432,1,1.0,0,0,1,0,0,1,0,0,1,1,2.0
CASE_00433,1,1.0,1,0,0,0,0,0,1,0,0,0,2.0
CASE_00434,1,1.0,0,0,1,1,0,1,1,0,0,0,2.0
CASE_00435,1,1.0,1,1,1,0,1,1,1,0,0,0,2.0
CASE_00436,1,1.0,1,1,1,0,0,1,0,0,0,0,2.0
CASE_00437,1,1.0,0,0,1,1,0,1,0,0,0,0,2.0
CASE_00438,1,1.0,0,0,0,0,0,0,1,0,0,0,2.0
CASE_00439,1,1.0,0,1,1,1,1,1,1,0,0,0,2.0
CASE_00440,1,1.0,0,1,1,0,0,1,0,0,0,1,2.0
CASE_00441,0,1.0,0,0,1,1,0,0,0,0,1,0,2.0
CASE_00442,1,1.0,0,0,0,0,0,1,0,0,0,0,2.0
CASE_00443,1,1.0,0,1,1,0,1,1,0,0,0,1,1.0
CASE_00444,1,1.0,0,0,1,0,0,1,0,1,0,0,2.0
CASE_00445,1,1.0,0,0,1,0,0,0,0,0,0,0,0.0
CASE_00446,1,1.0,0,0,0,0,0,1,0,0,0,0,0.0
CASE_00447,1,1.0,0,1,1,1,1,0,1,0,0,1,2.0
CASE_00448,1,1.0,0,0,1,0,0,1,0,0,0,0,2.0
CASE_00449,1,1.0,0,0,1,1,0,0,0,0,0,1,1.0
CASE_00450,1,1.0,0,1,1,0,0,1,1,0,0,1,1.0
CASE_00451,1,1.0,0,0,1,0,0,1,0,0,0,0,1.0
CASE_00452,1,1.0,0,1,1,1,1,1,1,0,0,0,2.0
CASE_00453,1,1.0,1,0,1,0,0,0,1,0,0,0,2.0
CASE_00454,1,1.0,0,0,1,0,0,1,0,0,0,0,2.0
CASE_00455,1,1.0,0,0,0,0,0,1,0,0,0,0,0.0
CASE_00456,1,1.0,1,1,1,1,1,1,1,1,1,0,2.0
CASE_00457,1,1.0,0,0,1,0,0,1,1,0,0,0,2.0
CASE_00458,1,0.0,0,0,0,0,0,1,1,0,0,0,0.0
CASE_00459,1,1.0,0,1,1,0,0,0,1,0,0,0,1.0
CASE_00460,1,0.0,0,0,1,0,0,1,1,0,1,0,0.0
CASE_00461,1,1.0,0,1,1,0,0,1,0,0,0,1,1.0
CASE_00462,1,1.0,0,1,1,0,0,0,1,0,0,0,1.0
CASE_00463,1,1.0,0,0,1,0,0,1,1,0,0,0,2.0
CASE_00464,0,1.0,0,1,0,0,0,1,0,0,0,0,2.0
CASE_00465,1,1.0,1,0,1,0,0,1,0,0,0,0,2.0
CASE_00466,1,1.0,1,0,1,0,0,1,0,0,0,0,2.0
CASE_00467,1,1.0,0,0,1,0,0,1,1,1,1,0,2.0
CASE_00468,1,1.0,1,0,1,0,0,1,0,1,1,1,2.0
CASE_00469,1,1.0,0,0,0,0,0,1,0,0,0,0,2.0
CASE_00470,1,0.0,1,1,1,0,1,1,1,0,0,0,2.0
CASE_00471,0,1.0,0,1,1,1,1,0,0,0,0,0,2.0
CASE_00472,1,1.0,0,0,0,0,0,0,0,0,0,0,0.0
CASE_00473,1,1.0,1,0,0,0,0,1,1,0,0,0,2.0
CASE_00474,0,1.0,0,0,1,0,0,1,0,0,0,1,2.0
CASE_00475,1,1.0,0,0,0,0,0,1,0,0,0,0,0.0
CASE_00476,1,1.0,0,0,1,1,0,0,0,1,1,1,2.0
CASE_00477,1,1.0,0,0,1,1,0,1,1,1,0,1,2.0
CASE_00478,1,1.0,0,0,1,0,0,1,0,0,0,0,2.0
CASE_00479,1,1.0,1,1,1,1,1,1,1,0,1,0,2.0
CASE_00480,1,1.0,0,0,1,0,0,0,0,0,0,0,2.0
CASE_00481,1,0.0,0,0,1,1,0,1,1,0,0,0,0.0
CASE_00482,1,1.0,0,0,1,0,0,0,0,0,0,1,1.0
CASE_00483,1,1.0,1,0,0,0,0,0,1,0,1,1,2.0
CASE_00484,1,1.0,1,0,0,0,0,1,1,0,0,0,2.0
CASE_00485,1,1.0,0,0,1,0,0,1,1,0,0,0,2.0
CASE_00486,1,1.0,0,1,1,1,0,1,1,0,1,1,2.0
CASE_00487,1,1.0,0,1,1,0,1,1,1,0,0,1,0.0
CASE_00488,0,1.0,0,1,1,1,0,1,1,0,0,0,2.0
CASE_00489,1,1.0,0,0,1,0,0,0,0,0,1,0,2.0
CASE_00490,1,1.0,0,1,1,0,0,1,0,0,0,0,1.0
CASE_00491,1,1.0,0,0,1,1,0,1,1,0,0,0,2.0
CASE_00492,1,1.0,0,0,1,0,0,1,0,0,0,0,2.0
CASE_00493,1,1.0,0,1,1,0,0,1,1,0,1,0,1.0
CASE_00494,1,1.0,0,1,1,0,0,1,1,0,0,1,1.0
CASE_00495,1,0.0,0,0,0,0,0,0,0,0,0,0,1.0
CASE_00496,1,1.0,0,0,1,0,0,1,1,0,0,0,2.0
CASE_00497,1,1.0,0,0,1,0,0,1,1,0,0,0,2.0
CASE_00498,1,1.0,0,1,1,1,1,1,0,1,0,1,2.0
CASE_00500,1,1.0,0,0,1,0,0,1,1,0,0,0,2.0
CASE_00501,0,1.0,0,0,1,0,0,1,0,0,0,0,2.0
CASE_00502,1,1.0,0,0,1,0,0,1,0,0,0,0,2.0
CASE_00503,1,1.0,0,1,1,1,0,1,1,0,1,1,2.0
CASE_00504,1,1.0,0,0,1,0,0,1,1,0,0,0,2.0
CASE_00505,1,1.0,0,1,1,0,1,1,1,1,0,1,1.0
CASE_00506,1,1.0,0,0,0,0,0,1,0,0,0,0,2.0
CASE_00507,0,1.0,0,1,1,0,0,1,0,0,0,0,0.0
CASE_00508,1,1.0,1,1,1,0,1,1,0,0,0,0,2.0
CASE_00509,1,1.0,0,0,1,0,0,1,0,0,0,0,0.0
CASE_00510,1,1.0,0,0,0,0,0,0,0,0,1,0,1.0
CASE_00511,1,1.0,0,1,1,1,0,1,0,0,0,0,2.0
CASE_00512,1,1.0,0,0,0,0,0,1,0,0,0,1,2.0
CASE_00513,1,1.0,1,1,1,1,1,1,1,0,0,0,2.0
CASE_00514,1,1.0,0,0,1,0,0,1,0,0,0,0,2.0
CASE_00515,1,1.0,0,0,1,0,0,0,1,0,0,0,2.0
CASE_00516,1,1.0,0,1,1,0,0,0,1,0,0,0,1.0
CASE_00517,1,1.0,1,1,1,0,0,1,1,1,1,0,2.0
CASE_00518,0,1.0,0,0,1,0,0,0,0,0,0,1,2.0
CASE_00519,1,1.0,0,0,1,0,0,1,0,0,0,0,2.0
CASE_00520,1,1.0,0,0,1,0,0,1,0,0,0,0,2.0
CASE_00521,1,1.0,1,1,1,1,0,1,1,1,1,1,2.0
CASE_00522,1,1.0,0,1,1,0,0,1,1,1,1,0,2.0
CASE_00523,0,1.0,0,1,1,0,1,1,1,0,0,0,2.0
CASE_00524,0,1.0,0,0,1,0,0,1,1,0,0,0,2.0
CASE_00525,1,1.0,1,0,1,1,0,0,1,0,0,0,2.0
CASE_00526,1,1.0,0,0,1,0,0,1,0,0,0,0,2.0
CASE_00527,1,0.0,1,1,1,0,0,0,0,0,0,1,0.0
CASE_00528,1,0.0,0,0,0,0,0,0,0,0,0,0,0.0
CASE_00529,1,1.0,0,0,0,0,0,0,1,0,0,1,2.0
CASE_00531,0,1.0,0,0,0,0,0,1,0,1,0,0,1.0
CASE_00532,1,1.0,0,0,1,0,0,0,0,0,0,0,2.0
CASE_00533,1,0.0,1,1,1,0,1,1,0,0,0,0,0.0
CASE_00534,1,1.0,1,0,1,1,0,1,1,0,0,1,2.0
CASE_00535,1,1.0,0,0,0,0,0,1,0,1,0,0,2.0
CASE_00536,1,1.0,0,1,1,0,1,0,1,0,0,0,1.0
CASE_00537,1,1.0,0,0,0,0,0,1,1,0,0,0,1.0
CASE_00538,1,1.0,1,0,1,0,0,0,0,0,0,1,2.0
CASE_00539,1,1.0,0,1,1,0,0,0,1,1,0,0,0.0
CASE_00540,0,1.0,0,0,1,0,0,1,1,0,1,0,2.0
CASE_00541,1,1.0,0,0,1,0,0,1,0,0,0,0,2.0
CASE_00542,1,0.0,0,0,0,0,0,1,0,0,0,0,0.0
CASE_00543,1,1.0,0,0,1,0,0,1,1,0,0,0,2.0
CASE_00544,1,0.0,0,0,0,0,0,1,0,0,0,0,0.0
CASE_00545,1,1.0,1,0,1,0,0,0,0,0,0,0,2.0
CASE_00546,1,1.0,0,1,1,1,1,1,1,0,0,0,2.0
CASE_00547,1,1.0,0,0,1,0,0,1,0,0,0,0,2.0
CASE_00548,1,1.0,1,0,1,0,0,0,0,0,0,1,2.0
CASE_00549,1,1.0,0,1,0,0,0,1,1,0,0,1,2.0
CASE_00550,1,1.0,0,1,1,1,1,1,1,0,0,0,2.0
CASE_00551,1,1.0,0,0,1,0,0,1,1,0,0,1,2.0
CASE_00552,1,1.0,0,0,0,0,0,0,0,0,1,1,1.0
CASE_00553,0,0.0,0,0,0,0,0,1,0,0,0,0,0.0
CASE_00554,1,1.0,0,0,0,0,0,0,0,0,0,0,0.0
CASE_00555,1,1.0,0,0,0,0,0,0,0,0,0,0,0.0
CASE_00556,1,1.0,1,1,1,1,1,1,1,0,0,0,2.0
CASE_00557,0,1.0,0,0,1,0,0,0,1,0,0,0,1.0
CASE_00558,0,1.0,0,0,0,0,0,0,0,0,0,0,2.0
CASE_00559,1,1.0,0,0,0,0,0,0,0,0,0,1,0.0
CASE_00560,0,0.0,0,0,0,0,0,1,0,0,0,0,2.0
CASE_00561,1,1.0,1,0,0,0,0,1,0,0,0,0,2.0
CASE_00562,1,1.0,1,1,1,1,0,1,1,1,0,0,2.0
CASE_00563,1,1.0,0,0,1,0,0,1,1,0,0,0,2.0
CASE_00564,1,1.0,0,0,1,0,0,1,0,0,0,0,2.0
CASE_00565,1,0.0,0,0,0,0,0,0,0,0,0,0,0.0
CASE_00566,0,1.0,0,0,0,0,0,0,0,0,0,0,2.0
CASE_00567,1,0.0,0,0,1,0,0,0,0,0,1,1,0.0
CASE_00568,1,1.0,0,0,1,0,0,1,1,0,0,1,2.0
CASE_00569,1,1.0,0,0,1,0,0,1,1,0,0,0,2.0
CASE_00570,1,1.0,1,0,0,0,0,1,1,1,0,1,2.0
CASE_00571,1,1.0,0,1,1,0,1,0,0,0,0,0,0.0
CASE_00572,1,1.0,0,1,1,0,0,1,1,0,0,0,1.0
CASE_00573,1,1.0,0,0,0,0,0,0,1,0,0,0,2.0
CASE_00574,1,1.0,0,0,1,0,0,1,1,0,1,0,1.0
CASE_00575,0,1.0,0,0,1,1,0,1,1,0,1,0,1.0
CASE_00576,1,1.0,0,0,1,0,0,1,0,1,0,1,1.0
CASE_00577,1,1.0,0,0,0,0,0,1,1,0,0,0,2.0
CASE_00578,1,1.0,1,1,1,1,1,1,1,0,0,0,1.0
CASE_00579,1,1.0,0,0,1,1,0,1,1,0,1,0,1.0
CASE_00580,1,0.0,1,0,0,0,0,1,1,0,0,0,0.0
CASE_00581,0,1.0,0,0,0,0,0,0,0,0,0,0,2.0
CASE_00582,0,1.0,0,0,0,0,0,0,0,0,0,1,2.0
CASE_00583,1,1.0,0,1,1,1,1,1,1,1,1,0,2.0
CASE_00585,1,1.0,0,0,0,0,0,0,1,0,0,0,0.0
CASE_00586,1,1.0,0,0,0,0,0,0,0,0,0,0,2.0
CASE_00587,1,1.0,1,0,0,0,0,1,1,0,0,0,2.0
CASE_00588,1,1.0,1,0,1,0,0,1,0,0,1,0,2.0
CASE_00589,1,1.0,1,1,1,1,1,1,0,0,0,0,2.0
CASE_00590,0,1.0,0,0,0,0,0,1,0,0,0,0,2.0
CASE_00591,1,1.0,0,0,1,0,0,1,1,1,0,0,2.0
CASE_00592,1,1.0,0,0,1,0,0,1,1,0,0,0,0.0
CASE_00593,1,1.0,1,0,1,0,0,1,0,0,0,0,2.0
CASE_00594,1,1.0,0,1,1,1,0,1,1,0,0,0,1.0
CASE_00595,1,1.0,1,0,1,1,0,0,1,0,0,0,2.0
CASE_00596,1,1.0,1,1,1,0,0,1,1,0,0,0,0.0
CASE_00597,0,1.0,0,0,0,0,0,1,0,0,0,0,2.0
CASE_00598,1,1.0,0,0,1,1,0,1,1,0,0,0,2.0
CASE_00599,1,1.0,0,1,1,1,1,1,0,1,1,1,2.0
CASE_00600,1,1.0,0,0,1,0,0,1,1,0,0,1,2.0
CASE_00601,0,1.0,0,1,1,0,0,0,1,0,1,0,1.0
CASE_00602,1,1.0,0,0,1,0,0,1,0,1,0,1,2.0
CASE_00603,1,1.0,0,0,1,0,0,0,1,0,1,0,2.0
CASE_00604,1,1.0,0,0,1,0,0,1,1,0,0,0,2.0
CASE_00605,1,1.0,0,0,0,1,0,1,1,1,0,0,2.0
CASE_00606,1,1.0,0,0,0,0,0,1,1,0,0,0,2.0
CASE_00607,1,1.0,0,0,1,0,0,1,1,0,0,1,2.0
CASE_00608,1,1.0,0,0,0,0,0,1,1,0,0,0,2.0
CASE_00609,1,1.0,0,0,0,0,0,0,0,0,0,0,2.0
CASE_00610,1,1.0,0,0,0,0,0,1,1,0,0,0,2.0
CASE_00611,1,1.0,0,0,1,1,0,0,0,1,1,1,2.0
CASE_00612,1,1.0,0,0,1,0,0,0,0,0,0,0,2.0
CASE_00613,1,1.0,0,0,1,1,0,1,1,0,1,1,1.0
CASE_00614,1,1.0,1,0,1,0,0,1,0,0,0,0,2.0
CASE_00615,1,1.0,0,0,1,0,0,1,1,0,0,0,2.0
CASE_00616,1,1.0,0,1,1,1,0,0,0,0,0,1,2.0
CASE_00617,1,0.0,0,0,1,0,0,1,0,0,0,0,2.0
CASE_00618,1,1.0,0,1,1,0,0,1,0,0,0,0,2.0
CASE_00619,0,1.0,0,0,0,0,0,1,0,0,0,0,2.0
CASE_00620,1,1.0,0,0,0,1,0,1,1,0,0,0,2.0
CASE_00621,1,1.0,0,1,1,1,0,1,1,1,0,1,2.0
CASE_00622,1,1.0,0,0,1,0,0,1,0,0,0,0,2.0
CASE_00623,1,1.0,1,1,1,1,0,1,0,0,0,0,2.0
CASE_00624,0,1.0,0,0,1,0,0,1,0,0,1,1,2.0
CASE_00625,1,1.0,0,0,0,0,0,1,1,0,0,0,2.0
CASE_00626,0,1.0,0,0,1,0,0,0,1,0,1,0,1.0
CASE_00627,1,1.0,0,0,1,0,0,1,0,0,1,1,2.0
CASE_00628,1,1.0,0,0,1,1,0,1,1,0,0,0,2.0
CASE_00629,1,1.0,0,0,1,0,0,1,0,0,0,1,2.0
CASE_00630,1,1.0,1,0,0,0,0,0,1,0,0,1,2.0
CASE_00631,0,1.0,0,0,0,0,0,1,0,1,0,1,2.0
CASE_00632,1,1.0,0,0,1,0,0,1,0,1,0,0,2.0
CASE_00633,1,1.0,0,1,1,1,0,1,0,0,0,1,2.0
CASE_00634,1,1.0,0,0,1,1,0,1,1,1,0,1,2.0
CASE_00635,1,0.0,0,0,0,0,0,0,0,0,0,0,0.0
CASE_00636,1,0.0,0,0,0,0,0,1,0,0,0,0,0.0
CASE_00637,1,1.0,0,1,1,0,0,1,0,0,0,0,1.0
CASE_00638,1,1.0,0,1,1,0,1,1,1,0,1,0,2.0
CASE_00639,1,1.0,0,0,1,0,0,1,0,0,0,0,2.0
CASE_00640,0,1.0,0,0,1,1,0,1,0,0,1,0,1.0
CASE_00641,1,1.0,0,0,1,0,0,1,0,0,0,0,2.0
CASE_00642,1,1.0,0,0,0,0,0,0,1,0,0,0,2.0
CASE_00643,1,1.0,0,0,1,0,0,1,1,1,0,0,2.0
CASE_00644,1,1.0,0,1,1,0,0,1,1,0,0,0,1.0
CASE_00645,1,1.0,0,1,1,0,0,0,0,0,0,0,1.0
CASE_00646,1,1.0,0,1,1,0,1,1,1,0,0,1,1.0
CASE_00647,1,1.0,1,1,1,1,0,1,0,0,0,1,1.0
CASE_00648,1,1.0,0,0,1,0,0,1,0,0,0,1,2.0
CASE_00649,1,1.0,0,0,0,0,0,0,0,0,0,0,2.0
CASE_00650,1,1.0,0,0,0,0,0,1,1,0,1,0,2.0
CASE_00651,1,1.0,0,0,0,0,0,1,1,0,0,0,2.0
CASE_00652,1,1.0,0,1,1,1,0,1,1,1,0,1,1.0
CASE_00653,1,1.0,0,0,0,0,0,0,1,0,0,1,2.0
CASE_00654,1,0.0,0,0,1,0,0,1,1,0,0,0,2.0
CASE_00655,1,1.0,0,0,1,1,0,1,0,1,1,1,2.0
CASE_00656,1,1.0,0,1,1,0,1,1,1,0,0,0,2.0
CASE_00657,1,1.0,0,0,1,1,0,1,1,0,0,0,2.0
CASE_00658,1,0.0,0,1,1,0,1,1,1,0,0,1,0.0
CASE_00659,0,1.0,0,1,1,0,0,0,0,0,1,0,1.0
CASE_00660,1,1.0,0,1,0,0,0,1,0,0,0,0,1.0
CASE_00661,1,1.0,0,0,1,0,0,1,0,0,0,0,2.0
CASE_00662,1,1.0,0,1,1,0,1,1,0,1,1,1,2.0
CASE_00663,1,1.0,1,1,0,0,0,0,1,0,0,0,2.0
CASE_00664,1,1.0,0,1,1,1,1,0,0,0,0,1,2.0
CASE_00665,1,1.0,0,1,1,0,0,0,1,0,0,1,1.0
CASE_00666,1,1.0,0,0,1,0,0,1,1,0,0,0,2.0
CASE_00667,1,1.0,1,0,1,0,1,1,1,0,1,0,1.0
CASE_00668,1,1.0,0,0,1,0,0,1,0,0,0,1,2.0
CASE_00669,1,1.0,0,0,1,0,0,0,0,0,0,0,2.0
CASE_00670,1,1.0,0,0,0,0,0,1,0,0,0,0,2.0
CASE_00671,1,1.0,1,1,1,0,0,1,1,0,0,1,2.0
CASE_00672,1,1.0,0,0,0,1,0,1,1,0,0,0,2.0
CASE_00673,1,1.0,1,0,1,0,0,1,1,0,0,1,2.0
CASE_00674,1,1.0,0,1,1,1,0,1,1,0,0,1,2.0
CASE_00675,1,1.0,0,0,1,0,0,0,1,1,1,1,2.0
CASE_00676,1,1.0,0,1,1,0,0,1,1,0,0,0,2.0
CASE_00677,1,0.0,0,1,0,0,0,1,0,0,0,0,2.0
CASE_00678,1,1.0,0,1,1,0,1,0,1,0,0,0,2.0
CASE_00679,1,1.0,0,0,1,0,0,1,0,0,1,0,1.0
CASE_00680,1,1.0,1,1,1,0,1,1,1,0,0,1,2.0
CASE_00681,1,0.0,0,0,1,1,0,1,1,0,0,0,0.0
CASE_00682,1,1.0,0,0,1,0,0,1,1,0,0,0,2.0
CASE_00683,0,1.0,0,0,0,0,0,1,0,0,0,0,2.0
CASE_00684,1,1.0,0,0,1,0,0,1,0,0,0,0,2.0
CASE_00685,0,1.0,0,0,0,0,0,0,0,0,0,0,2.0
CASE_00686,1,1.0,0,0,0,0,0,1,1,0,0,1,2.0
CASE_00687,1,1.0,0,0,1,0,1,0,1,0,1,0,2.0
CASE_00688,1,1.0,0,0,1,0,0,1,0,0,0,0,2.0
CASE_00689,1,1.0,0,0,1,0,0,1,0,0,0,0,2.0
CASE_00690,1,1.0,1,0,0,0,0,0,0,0,0,1,2.0
CASE_00691,1,1.0,1,0,1,1,0,1,0,0,0,0,2.0
CASE_00692,1,1.0,1,0,0,0,0,0,1,0,0,0,1.0
CASE_00693,1,1.0,0,0,1,0,0,0,1,0,0,0,0.0
CASE_00694,1,1.0,1,0,1,0,0,1,0,0,1,0,2.0
CASE_00695,1,1.0,1,1,1,0,0,1,1,0,0,0,1.0
CASE_00696,1,1.0,0,0,1,0,0,1,0,0,0,0,2.0
CASE_00697,1,1.0,0,1,1,0,1,0,1,0,0,0,2.0
CASE_00698,0,1.0,0,0,0,0,0,0,0,0,0,0,2.0
CASE_00699,1,1.0,0,0,1,0,0,1,0,0,0,0,2.0
CASE_00700,0,1.0,1,0,1,0,0,1,0,0,0,0,2.0
CASE_00701,1,0.0,0,0,0,0,0,1,1,0,0,0,2.0
CASE_00702,1,1.0,0,0,1,0,0,1,1,0,0,0,2.0
CASE_00703,1,1.0,1,1,0,0,0,1,1,1,0,0,2.0
CASE_00704,1,1.0,0,1,1,1,1,1,1,0,0,0,2.0
CASE_00705,1,1.0,0,0,1,0,0,1,1,0,1,0,2.0
CASE_00706,1,1.0,0,1,1,1,1,1,0,0,1,0,2.0
CASE_00707,1,1.0,0,1,1,0,1,1,1,0,0,0,2.0
CASE_00708,1,1.0,0,0,1,1,0,1,1,0,0,0,2.0
CASE_00709,0,1.0,0,0,0,0,0,1,0,0,1,0,1.0
CASE_00710,1,1.0,0,0,1,1,0,1,0,0,0,0,2.0
CASE_00711,1,1.0,1,1,1,0,0,1,1,1,1,1,2.0
CASE_00712,1,1.0,0,0,0,0,0,0,1,0,0,0,2.0
CASE_00713,1,1.0,0,0,0,0,0,1,1,0,0,0,2.0
CASE_00714,1,1.0,1,0,1,1,0,1,0,0,0,1,2.0
CASE_00715,1,1.0,1,0,1,1,0,1,0,1,0,1,2.0
CASE_00716,1,1.0,0,1,1,0,1,1,0,0,0,1,2.0
CASE_00717,1,1.0,0,0,1,0,0,1,1,0,0,0,2.0
CASE_00718,1,1.0,0,0,1,0,0,1,0,0,1,1,1.0
CASE_00719,1,1.0,0,0,1,0,0,1,0,1,1,0,1.0
CASE_00720,1,0.0,0,0,1,1,0,1,1,0,0,0,0.0
CASE_00721,1,0.0,0,0,1,1,0,1,1,0,0,0,0.0
CASE_00722,1,1.0,0,0,1,1,0,1,0,0,0,1,2.0
CASE_00723,1,0.0,0,1,1,0,1,1,1,0,0,0,2.0
CASE_00724,1,0.0,0,0,0,0,0,1,1,0,0,0,0.0
CASE_00725,1,1.0,1,0,1,0,0,1,0,0,0,0,2.0
CASE_00726,1,1.0,0,0,0,0,0,1,1,0,0,0,2.0
CASE_00727,0,1.0,0,1,0,0,0,0,0,0,0,0,1.0
CASE_00728,1,1.0,0,1,1,0,0,1,0,0,1,0,1.0
CASE_00729,1,0.0,0,0,0,0,0,0,1,0,0,0,0.0
CASE_00730,1,1.0,0,0,1,0,0,0,0,0,0,1,1.0
CASE_00731,1,0.0,0,0,0,0,0,1,1,0,0,0,0.0
CASE_00732,1,1.0,0,0,1,0,0,1,0,0,0,0,2.0
CASE_00733,1,1.0,1,0,1,0,0,1,0,0,0,0,2.0
CASE_00734,1,1.0,1,1,1,1,1,1,1,1,0,1,2.0
CASE_00735,0,1.0,0,1,1,0,0,1,0,0,0,0,2.0
CASE_00737,1,1.0,0,0,0,0,0,1,0,0,0,0,2.0
CASE_00738,1,1.0,0,1,1,0,1,1,0,0,0,1,2.0
CASE_00739,1,0.0,0,0,0,0,0,0,1,0,0,0,0.0
CASE_00740,1,1.0,1,1,1,0,0,1,0,1,0,1,2.0
CASE_00741,1,1.0,0,1,1,1,1,1,0,0,0,0,2.0
CASE_00742,1,1.0,0,1,1,0,1,1,0,1,0,1,2.0
CASE_00743,1,1.0,0,1,1,0,0,1,0,0,0,0,2.0
CASE_00744,1,1.0,0,0,1,0,0,1,0,0,0,0,2.0
CASE_00745,1,1.0,0,0,1,0,0,1,1,0,0,0,2.0
CASE_00746,1,1.0,1,1,1,1,0,1,1,1,1,1,2.0
CASE_00747,1,1.0,0,0,1,0,0,1,1,0,0,0,2.0
CASE_00748,1,1.0,1,1,1,0,1,1,1,0,1,0,2.0
CASE_00749,1,1.0,0,0,1,0,0,1,1,0,0,0,2.0
CASE_00750,1,1.0,1,0,0,0,0,1,1,0,0,0,2.0
CASE_00751,0,0.0,0,0,0,0,0,0,0,0,0,0,2.0
CASE_00752,1,1.0,0,0,1,0,0,1,1,0,0,0,2.0
CASE_00753,1,1.0,0,1,1,1,0,1,1,0,0,1,0.0
CASE_00754,1,1.0,0,0,1,0,0,0,1,0,0,0,1.0
CASE_00755,1,1.0,0,0,0,0,0,1,0,1,1,1,2.0
CASE_00756,1,1.0,1,0,0,0,0,1,1,0,1,0,1.0
CASE_00757,1,1.0,1,0,1,0,0,1,0,0,0,0,2.0
CASE_00758,1,1.0,0,0,1,0,0,0,0,0,0,0,1.0
CASE_00759,1,1.0,0,1,1,1,1,1,1,0,0,0,1.0
CASE_00760,1,1.0,0,1,1,1,0,1,1,0,0,0,2.0
CASE_00761,0,1.0,0,0,1,1,0,1,1,0,1,1,1.0
CASE_00762,1,1.0,0,1,1,0,0,1,0,0,1,0,1.0
CASE_00763,0,1.0,0,1,1,0,1,1,0,0,1,0,2.0
CASE_00764,1,1.0,0,0,1,1,0,0,1,0,0,1,2.0
CASE_00765,1,1.0,0,0,1,1,0,0,1,0,1,1,1.0
CASE_00766,0,1.0,0,0,0,0,0,1,0,0,0,0,1.0
CASE_00767,1,1.0,0,1,1,0,0,0,0,0,0,1,2.0
CASE_00768,0,1.0,0,0,0,0,0,0,1,0,0,0,2.0
CASE_00769,1,1.0,0,1,1,0,0,0,0,1,1,0,0.0
CASE_00770,0,1.0,0,0,1,0,0,0,1,0,0,0,0.0
CASE_00771,0,1.0,0,0,0,0,0,0,0,0,0,0,2.0
CASE_00772,1,1.0,0,0,0,0,0,1,0,0,0,0,2.0
CASE_00773,1,1.0,0,0,1,0,0,1,1,0,0,0,0.0
CASE_00774,1,1.0,1,1,1,1,0,1,1,0,0,1,2.0
CASE_00775,0,1.0,0,0,0,0,0,0,0,0,0,0,2.0
CASE_00776,1,1.0,0,0,0,0,0,0,0,0,0,0,2.0
CASE_00777,1,1.0,0,0,0,0,0,0,1,0,0,0,2.0
CASE_00778,1,1.0,0,0,1,0,0,0,1,0,0,0,0.0
CASE_00779,1,1.0,0,0,0,0,0,1,0,1,0,1,2.0
CASE_00780,1,1.0,0,1,1,1,1,1,1,0,1,0,2.0
CASE_00781,1,1.0,0,0,1,0,0,1,1,0,0,0,2.0
CASE_00782,1,0.0,0,0,1,1,0,1,0,0,1,1,2.0
CASE_00783,1,1.0,0,1,1,0,0,1,1,0,1,0,2.0
CASE_00784,1,1.0,1,0,1,0,0,1,0,0,0,0,2.0
CASE_00785,1,1.0,0,0,1,0,0,1,1,0,0,1,1.0
CASE_00786,1,1.0,1,0,0,0,0,1,0,0,0,1,2.0
CASE_00787,0,0.0,0,1,1,0,1,1,1,0,0,0,0.0
CASE_00788,0,1.0,0,0,1,0,0,0,1,0,0,0,2.0
CASE_00789,1,1.0,0,0,1,0,0,1,1,0,1,1,2.0
CASE_00790,1,1.0,0,0,0,0,0,1,1,0,0,0,0.0
CASE_00791,1,1.0,0,1,1,0,1,1,1,0,1,0,2.0
CASE_00792,0,1.0,0,1,1,0,1,1,1,0,0,0,0.0
CASE_00793,1,1.0,0,0,1,1,0,0,1,0,0,0,2.0
CASE_00794,1,1.0,0,0,1,0,0,0,0,0,0,0,1.0
CASE_00795,1,1.0,0,0,1,0,0,0,1,1,0,1,1.0
CASE_00796,1,0.0,0,0,0,0,0,0,0,0,0,0,0.0
CASE_00797,1,1.0,0,1,1,1,0,1,0,0,0,1,1.0
CASE_00798,1,1.0,0,1,1,0,0,1,1,0,1,0,2.0
CASE_00799,1,0.0,0,0,1,0,0,1,0,0,0,0,0.0
CASE_00800,1,1.0,0,0,1,1,0,1,1,0,0,0,2.0
CASE_00801,1,1.0,1,1,0,0,0,0,1,0,0,0,1.0
CASE_00802,1,1.0,0,1,1,1,1,0,1,0,0,0,2.0
CASE_00803,1,1.0,0,1,1,1,1,0,1,0,0,0,2.0
CASE_00804,1,0.0,0,1,1,0,1,0,0,0,0,0,0.0
CASE_00805,1,1.0,1,0,0,0,0,1,1,0,0,0,2.0
CASE_00806,1,1.0,1,1,1,0,1,1,1,0,0,0,2.0
CASE_00807,1,1.0,0,0,1,0,0,1,0,0,0,0,2.0
CASE_00808,1,1.0,1,0,1,0,0,1,1,0,0,0,0.0
CASE_00809,1,1.0,0,0,1,0,0,1,0,0,0,0,2.0
CASE_00810,1,1.0,0,0,1,0,0,1,1,0,0,0,2.0
CASE_00811,1,1.0,0,0,1,0,0,1,0,0,0,0,2.0
CASE_00812,1,0.0,0,0,0,0,0,1,1,0,0,0,2.0
CASE_00813,1,1.0,0,0,1,0,0,1,0,0,1,0,2.0
CASE_00814,1,1.0,1,1,1,1,1,1,0,0,0,1,2.0
CASE_00815,1,1.0,1,0,1,1,0,1,1,0,0,0,2.0
CASE_00816,1,1.0,0,0,1,1,0,1,1,1,1,1,1.0
CASE_00817,1,1.0,0,0,1,0,0,1,0,0,0,0,2.0
CASE_00818,1,1.0,0,0,1,0,0,1,0,0,0,0,2.0
CASE_00819,1,1.0,1,0,1,0,0,1,1,1,1,1,1.0
CASE_00820,1,1.0,1,1,1,1,1,1,1,0,0,1,2.0
CASE_00821,1,1.0,0,0,1,0,0,1,0,0,0,0,2.0
CASE_00822,1,1.0,0,0,1,0,0,1,1,1,0,1,2.0
CASE_00823,1,0.0,0,0,0,0,0,0,0,0,0,0,0.0
CASE_00824,1,0.0,1,0,0,0,0,1,0,0,0,0,0.0
CASE_00825,1,1.0,0,0,1,1,0,0,0,1,0,0,1.0
CASE_00826,1,1.0,0,1,1,0,1,1,0,0,0,0,2.0
CASE_00827,1,1.0,0,0,0,1,0,1,1,0,1,1,2.0
CASE_00828,1,0.0,0,1,0,0,0,1,0,0,0,0,0.0
CASE_00829,1,1.0,0,0,1,0,0,1,0,0,1,0,2.0
CASE_00830,0,0.0,0,0,1,0,0,1,0,0,0,0,2.0
CASE_00831,0,1.0,0,0,1,0,0,1,0,0,0,0,2.0
CASE_00832,1,1.0,0,0,1,1,0,1,1,0,0,1,2.0
CASE_00833,1,1.0,0,0,1,1,0,1,1,0,0,1,2.0
CASE_00834,1,1.0,0,0,1,0,0,1,0,0,0,1,1.0
CASE_00835,1,0.0,0,0,0,0,0,1,1,0,0,0,0.0
CASE_00836,1,1.0,1,0,0,0,0,1,0,0,0,0,2.0
CASE_00837,1,1.0,1,0,1,1,0,1,1,0,1,0,1.0
CASE_00838,0,1.0,0,0,1,0,0,0,0,0,0,0,1.0
CASE_00839,0,1.0,0,1,1,0,1,0,0,0,0,0,2.0
CASE_00840,1,1.0,0,0,1,0,0,0,0,0,0,0,1.0
CASE_00841,1,0.0,0,0,0,0,0,1,0,0,0,0,0.0
CASE_00842,1,1.0,0,1,1,0,0,1,1,0,0,0,2.0
CASE_00843,0,0.0,0,0,0,0,0,0,1,0,0,0,0.0
CASE_00844,1,1.0,0,0,0,0,0,1,1,0,0,0,2.0
CASE_00845,1,1.0,1,1,1,1,1,1,1,0,1,0,2.0
CASE_00846,1,0.0,0,0,1,0,0,1,1,0,0,0,2.0
CASE_00847,1,1.0,0,0,1,0,0,1,1,0,0,0,2.0
CASE_00848,1,0.0,0,0,1,1,0,1,1,0,0,0,2.0
CASE_00849,1,0.0,0,0,0,0,0,1,1,0,0,0,2.0
CASE_00850,1,1.0,1,1,1,1,0,1,0,0,0,1,2.0
CASE_00851,1,1.0,1,0,0,0,0,1,0,0,0,0,2.0
CASE_00852,1,1.0,0,0,1,0,0,1,1,1,0,1,2.0
CASE_00853,1,1.0,0,0,1,0,0,1,1,0,0,0,2.0
CASE_00854,1,1.0,0,0,0,1,0,1,1,0,0,0,2.0
CASE_00855,1,1.0,0,0,1,0,0,1,1,0,0,0,2.0
CASE_00856,1,1.0,0,0,1,0,0,1,0,0,0,1,1.0
CASE_00857,1,1.0,0,0,0,0,0,1,0,0,0,0,2.0
CASE_00858,1,1.0,1,0,0,1,0,0,0,0,0,1,1.0
CASE_00859,1,1.0,0,0,0,0,0,1,1,0,0,1,1.0
CASE_00860,0,1.0,0,0,0,0,0,1,1,0,0,0,1.0
CASE_00861,1,1.0,0,0,1,0,0,1,0,0,1,1,2.0
CASE_00862,1,1.0,0,0,1,0,0,0,0,0,0,0,2.0
CASE_00863,1,1.0,0,1,1,1,1,1,0,0,0,0,2.0
CASE_00864,1,1.0,1,1,1,0,0,1,0,0,1,1,2.0
CASE_00865,1,1.0,0,0,1,0,0,1,1,1,0,1,2.0
CASE_00866,1,0.0,0,0,0,0,0,0,0,0,0,0,0.0
CASE_00867,1,1.0,0,0,1,0,0,0,0,0,1,1,2.0
CASE_00868,1,1.0,0,0,0,0,0,0,0,0,0,1,1.0
CASE_00869,0,0.0,0,1,0,0,0,0,0,0,0,0,0.0
CASE_00870,1,1.0,1,0,1,0,0,0,0,1,1,1,2.0
CASE_00871,1,1.0,0,1,0,0,0,0,0,0,0,0,2.0
CASE_00872,1,0.0,1,0,0,0,0,1,0,0,0,1,0.0
CASE_00873,1,0.0,1,0,1,0,0,1,1,0,0,0,0.0
CASE_00874,1,1.0,1,0,1,0,0,1,1,0,0,1,2.0
CASE_00875,1,1.0,0,0,0,0,0,1,0,0,0,0,2.0
CASE_00876,1,1.0,0,0,0,0,0,1,0,0,0,0,2.0
CASE_00877,1,1.0,1,1,1,0,0,1,1,0,0,1,2.0
CASE_00878,1,1.0,0,1,1,1,0,1,1,1,1,0,2.0
CASE_00879,1,1.0,1,0,1,0,0,1,1,0,1,1,1.0
CASE_00880,1,1.0,0,0,1,0,0,1,1,1,1,1,2.0
CASE_00881,1,1.0,0,0,0,0,0,1,0,0,0,0,2.0
CASE_00882,1,1.0,0,1,1,0,1,1,1,0,0,0,2.0
CASE_00883,1,0.0,0,0,0,0,0,1,0,0,0,0,0.0
CASE_00884,1,1.0,0,0,0,0,0,1,1,0,0,0,2.0
CASE_00885,1,1.0,0,0,0,1,0,1,1,1,1,0,2.0
CASE_00886,1,1.0,1,1,1,1,1,1,1,0,0,0,2.0
CASE_00887,1,1.0,0,0,1,0,0,1,0,0,0,0,2.0
CASE_00888,0,1.0,0,0,0,0,0,0,0,0,0,0,2.0
CASE_00889,1,1.0,1,1,1,0,0,0,0,1,1,1,2.0
CASE_00890,0,0.0,0,0,0,0,0,0,0,0,0,0,2.0
CASE_00891,1,1.0,0,0,1,0,0,1,0,0,0,0,2.0
CASE_00892,1,1.0,0,0,1,0,0,1,1,0,0,1,2.0
CASE_00893,1,1.0,0,0,0,0,0,1,1,0,0,0,0.0
CASE_00894,1,1.0,0,1,1,0,0,1,0,0,0,0,2.0
CASE_00895,0,1.0,0,0,0,0,0,1,0,0,0,0,2.0
CASE_00896,1,1.0,0,0,0,0,0,1,1,0,0,0,0.0
CASE_00897,1,1.0,0,1,1,0,0,1,0,0,0,0,2.0
CASE_00898,0,1.0,0,0,0,0,0,1,0,0,0,0,2.0
CASE_00899,0,0.0,0,0,1,0,0,1,1,0,0,0,0.0
CASE_00900,1,1.0,0,1,1,1,0,1,0,0,0,1,2.0
CASE_00901,1,1.0,0,0,1,0,0,1,1,0,0,0,2.0
CASE_00902,0,1.0,0,1,1,1,1,0,1,0,0,0,1.0
CASE_00903,1,1.0,0,0,1,0,0,1,0,0,0,0,2.0
CASE_00904,1,1.0,0,0,1,1,0,0,1,0,1,1,2.0
CASE_00905,1,1.0,0,1,1,0,1,1,0,0,0,0,2.0
CASE_00906,1,0.0,0,0,0,0,0,1,1,0,0,0,2.0
CASE_00907,0,1.0,0,0,1,0,0,1,0,0,0,0,1.0
CASE_00908,1,1.0,0,0,0,0,0,0,1,0,1,1,1.0
CASE_00909,1,0.0,0,0,0,0,0,1,1,0,0,0,2.0
CASE_00910,1,0.0,0,0,1,0,0,0,0,0,0,0,1.0
CASE_00911,1,1.0,0,0,1,0,0,0,1,1,0,1,1.0
CASE_00912,1,1.0,0,0,0,0,0,0,1,0,1,0,2.0
CASE_00913,1,1.0,0,0,0,0,0,1,0,0,0,1,2.0
CASE_00914,1,1.0,0,1,0,0,0,1,0,0,0,0,2.0
CASE_00915,1,1.0,1,0,0,0,0,0,1,1,0,0,2.0
CASE_00916,1,1.0,0,0,1,0,0,1,1,0,0,1,2.0
CASE_00917,1,1.0,0,0,1,0,0,1,1,0,0,0,0.0
CASE_00918,1,1.0,0,0,1,0,0,1,0,0,0,0,2.0
CASE_00919,1,1.0,0,0,1,0,0,1,0,0,0,0,2.0
CASE_00920,1,1.0,0,1,1,0,1,1,0,0,0,0,2.0
CASE_00921,1,1.0,0,0,0,0,0,1,0,0,0,0,2.0
CASE_00922,1,0.0,0,1,1,0,0,1,1,0,0,0,0.0
CASE_00923,1,1.0,1,0,1,0,0,0,0,0,0,0,2.0
CASE_00924,1,1.0,0,0,1,0,0,1,1,0,0,0,2.0
CASE_00925,1,1.0,0,1,1,0,1,1,1,0,1,0,1.0
CASE_00926,1,1.0,0,0,1,0,0,1,0,0,0,0,2.0
CASE_00927,1,1.0,0,0,1,0,0,0,1,0,0,0,0.0
CASE_00928,0,1.0,0,0,1,0,0,0,0,1,1,1,2.0
CASE_00929,1,1.0,0,0,1,0,0,1,0,0,0,0,0.0
CASE_00930,1,1.0,1,1,1,1,1,1,1,0,0,0,2.0
CASE_00931,1,1.0,0,0,0,0,0,1,1,0,0,0,2.0
CASE_00932,0,0.0,0,0,0,0,0,0,0,0,0,0,2.0
CASE_00933,0,1.0,0,1,0,0,0,0,0,0,0,0,1.0
CASE_00934,1,0.0,0,0,1,1,0,1,1,0,0,1,0.0
CASE_00935,1,1.0,0,1,1,0,1,1,1,0,1,0,2.0
CASE_00936,1,1.0,0,0,0,0,0,1,0,0,0,0,2.0
CASE_00937,0,1.0,0,0,1,0,0,0,0,0,1,0,2.0
CASE_00938,0,1.0,0,0,0,0,0,0,0,0,0,0,2.0
CASE_00939,1,1.0,0,0,1,0,0,1,1,0,1,1,2.0
CASE_00941,0,0.0,0,0,0,0,0,0,0,0,0,0,0.0
CASE_00942,1,1.0,0,0,0,0,0,1,0,0,0,0,2.0
CASE_00943,1,1.0,0,1,1,1,1,1,1,0,0,0,2.0
CASE_00944,0,0.0,0,0,0,0,0,0,0,0,0,0,2.0
CASE_00945,0,1.0,0,0,0,0,0,0,0,0,0,0,2.0
CASE_00946,1,0.0,1,0,0,0,0,1,1,1,0,1,1.0
CASE_00947,1,1.0,0,0,1,0,0,1,1,0,0,0,2.0
CASE_00948,0,1.0,0,0,0,0,0,1,0,0,0,0,1.0
CASE_00949,0,0.0,0,0,0,0,0,1,0,0,0,0,0.0
CASE_00950,1,1.0,1,0,1,1,0,1,0,1,0,1,2.0
CASE_00951,1,0.0,0,0,0,0,0,0,0,0,0,0,2.0
CASE_00952,0,1.0,0,0,0,0,0,1,0,0,0,0,1.0
CASE_00953,0,1.0,0,0,0,0,0,0,0,0,0,0,1.0
CASE_00954,1,1.0,0,0,1,0,0,0,0,0,0,0,0.0
CASE_00955,1,1.0,0,0,1,1,0,1,0,0,0,0,1.0
CASE_00956,1,1.0,0,1,1,1,1,1,1,0,0,0,2.0
CASE_00957,1,1.0,0,0,1,1,0,1,0,0,0,1,2.0
CASE_00958,1,0.0,0,0,1,0,0,1,1,0,0,1,0.0
CASE_00959,1,0.0,0,0,0,0,0,0,1,0,0,0,2.0
CASE_00960,1,0.0,1,0,0,0,0,0,1,0,0,0,0.0
CASE_00961,1,1.0,0,1,1,0,0,0,0,0,0,0,0.0
CASE_00962,1,1.0,0,0,1,0,0,0,1,0,0,0,2.0
CASE_00963,0,1.0,0,0,0,0,0,0,0,0,0,0,2.0
CASE_00964,1,1.0,1,1,1,0,1,1,0,0,0,0,2.0
CASE_00965,1,1.0,0,0,0,0,0,1,1,0,0,0,2.0
CASE_00966,1,1.0,0,0,1,0,0,1,0,0,0,0,1.0
CASE_00967,1,1.0,0,0,0,0,0,1,1,0,0,0,2.0
CASE_00968,1,1.0,0,1,1,0,1,1,1,0,1,1,2.0
CASE_00969,1,1.0,1,0,1,0,0,1,1,0,0,0,2.0
CASE_00970,0,1.0,0,0,1,1,0,1,1,1,1,0,2.0
CASE_00971,1,1.0,0,0,1,0,0,1,1,0,0,1,2.0
CASE_00972,1,1.0,0,0,1,1,0,1,0,1,0,1,2.0
CASE_00973,1,1.0,0,0,1,1,0,1,0,1,0,1,2.0
CASE_00974,1,1.0,1,1,0,0,0,1,1,0,0,0,2.0
CASE_00975,1,1.0,0,0,0,0,0,0,1,0,0,0,2.0
CASE_00976,1,0.0,0,0,0,0,0,1,1,0,0,0,0.0
CASE_00977,0,1.0,0,1,1,1,1,1,0,0,0,0,2.0
CASE_00978,0,1.0,0,1,1,0,0,0,0,0,1,1,1.0
CASE_00979,1,1.0,0,0,1,0,0,1,1,0,0,0,2.0
CASE_00980,0,1.0,0,1,1,0,0,0,0,0,0,1,1.0
CASE_00981,1,1.0,1,0,1,0,0,0,1,0,0,0,1.0
CASE_00982,1,1.0,0,0,0,0,0,1,1,0,0,1,2.0
CASE_00983,1,1.0,0,0,0,0,0,0,0,0,0,0,0.0
CASE_00984,1,1.0,0,0,1,0,0,1,0,0,0,0,2.0
CASE_00985,1,1.0,0,0,1,0,0,1,1,0,1,1,2.0
CASE_00986,1,1.0,0,1,1,0,0,1,0,0,0,0,2.0
CASE_00987,0,0.0,0,0,0,0,0,0,1,0,0,0,2.0
CASE_00988,1,1.0,0,1,1,0,1,1,0,0,0,0,2.0
CASE_00989,1,1.0,1,0,0,0,0,1,0,0,0,0,2.0
CASE_00990,1,1.0,0,0,1,0,0,1,0,0,0,0,2.0
CASE_00991,1,1.0,0,0,1,1,1,1,1,1,0,1,2.0
CASE_00992,0,0.0,0,0,0,0,0,1,1,0,0,0,0.0
CASE_00993,1,1.0,1,1,1,0,0,1,1,0,1,1,1.0
CASE_00994,1,1.0,0,1,0,0,0,1,1,0,0,0,1.0
