URL,CaseText,CleanText
https://ccrc.gov.uk/decision/adams-robert/,"Adams, Robert - Criminal Cases Review Commission Cookies on Criminal Cases Review Commission We use some essential cookies to make this service work. We’d also like to use analytics cookies so we can understand how you use the service and make improvements. Accept analytics cookies Reject analytics cookies View cookies Skip to content Search Search this website Search website Menu About us Facts and figures Our team Our powers and practices Special Projects Casework policies Annual Reports and other publications Board minutes Victims of crime Apply Your questions answered Making your application The case review process How we look after your information News Case Library Research Careers Contact Home Adams, Robert Go back to Home © Copyright, Criminal Cases Review Commission 2026. Adams, Robert Published: 9 September 2024 Robert Adams was convicted in September 1977 of murder, false imprisonment, and assault with intent to cause grievous bodily harm. Mr Adams received a sentence of life imprisonment. The CCRC received an application for review of the conviction in August 1999. Mr Adams’s conviction was based solely on a confession statement to police. At trial, there had been no challenge to the admissibility of this confession evidence. A CCRC investigation found that Mr Adams, who was then aged 16, had been intensively interrogated. He had also been denied the support of an adult during that interrogation in breach of the Judges’ Rules, his father only being permitted to be present at his final interview when he made the confession statement. In addition, there was evidence that the police had re-written interview notes. Inconsistencies were found between the details of the confession statement and verifiable facts. There were also discrepancies between information in the custody log and police officers’ statements. During review, the CCRC also obtained new expert evidence indicating that Mr Adams would have been a vulnerable and suggestible suspect, liable to comply with suggestions put to him by police officers. The CCRC concluded that this new evidence therefore affected the reliability of the confession evidence. The CCRC referred the conviction in March 2003. The Northern Ireland Court of Appeal quashed the conviction in September 2005. Contact us CCRC 23 Stephenson Street Birmingham B2 4BH DX: 715466 Birmingham 41 Telephone: 0121 233 1473 Email: info@ccrc.gov.uk Facebook Instagram Linkedin Secondary support links Staff and union activity Accessibility statement Privacy notice Cookie settings Support links العربية বাংলা 简体中文 正體中文 Français Ελληνικά हिंदी Polski ਪੰਜਾਬੀ Europeo español Español latinoamericano Türkçe Việt Cymraeg © Copyright,
    Criminal Cases Review Commission    2026.","Published: 9 September 2024 Robert Adams was convicted in September 1977 of murder, false imprisonment, and assault with intent to cause grievous bodily harm. Mr Adams received a sentence of life imprisonment. The CCRC received an application for review of the conviction in August 1999. Mr Adams’s conviction was based solely on a confession statement to police. At trial, there had been no challenge to the admissibility of this confession evidence. A CCRC investigation found that Mr Adams, who was then aged 16, had been intensively interrogated. He had also been denied the support of an adult during that interrogation in breach of the Judges’ Rules, his father only being permitted to be present at his final interview when he made the confession statement. In addition, there was evidence that the police had re-written interview notes. Inconsistencies were found between the details of the confession statement and verifiable facts. There were also discrepancies between information in the custody log and police officers’ statements. During review, the CCRC also obtained new expert evidence indicating that Mr Adams would have been a vulnerable and suggestible suspect, liable to comply with suggestions put to him by police officers. The CCRC concluded that this new evidence therefore affected the reliability of the confession evidence. The CCRC referred the conviction in March 2003. The Northern Ireland Court of Appeal quashed the conviction in September 2005."
https://ccrc.gov.uk/decision/magee-michael/,"Magee, Michael - Criminal Cases Review Commission Cookies on Criminal Cases Review Commission We use some essential cookies to make this service work. We’d also like to use analytics cookies so we can understand how you use the service and make improvements. Accept analytics cookies Reject analytics cookies View cookies Skip to content Search Search this website Search website Menu About us Facts and figures Our team Our powers and practices Special Projects Casework policies Annual Reports and other publications Board minutes Victims of crime Apply Your questions answered Making your application The case review process How we look after your information News Case Library Research Careers Contact Home Magee, Michael Go back to Home © Copyright, Criminal Cases Review Commission 2026. Magee, Michael Published: 9 September 2024 Michael Magee was convicted in December 1990 of conspiracy to murder, conspiracy to cause an explosion, and possession of an explosive substance with intent. Mr Magee received a sentence of 20 years’ imprisonment. The CCRC inherited an application for review of the conviction from the Home Office in March 1997. Following his arrest, Mr Magee had been interviewed 11 times over 54 hours. He made a verbal confession statement in the sixth interview and a written confession (which he stated had been composed for him by police officers) at the seventh interview. Mr Magee requested a solicitor but the solicitor was withheld for 48 hours in accordance with emergency legislation. Mr Magee also alleged mistreatment during his detention and interrogation. He later complained to the European Court of Human Rights (ECtHR) which upheld his submissions with respect  denial of access to a lawyer, finding that Mr Magee’s right to a fair trial had been violated. The CCRC referred the conviction in July 2000 on the basis that the ECtHR judgment raised a real possibility the court would conclude that the confession evidence should have been excluded at trial. The Northern Ireland Court of Appeal quashed the conviction in January 2001. Contact us CCRC 23 Stephenson Street Birmingham B2 4BH DX: 715466 Birmingham 41 Telephone: 0121 233 1473 Email: info@ccrc.gov.uk Facebook Instagram Linkedin Secondary support links Staff and union activity Accessibility statement Privacy notice Cookie settings Support links العربية বাংলা 简体中文 正體中文 Français Ελληνικά हिंदी Polski ਪੰਜਾਬੀ Europeo español Español latinoamericano Türkçe Việt Cymraeg © Copyright,
    Criminal Cases Review Commission    2026.","Published: 9 September 2024 Michael Magee was convicted in December 1990 of conspiracy to murder, conspiracy to cause an explosion, and possession of an explosive substance with intent. Mr Magee received a sentence of 20 years’ imprisonment. The CCRC inherited an application for review of the conviction from the Home Office in March 1997. Following his arrest, Mr Magee had been interviewed 11 times over 54 hours. He made a verbal confession statement in the sixth interview and a written confession (which he stated had been composed for him by police officers) at the seventh interview. Mr Magee requested a solicitor but the solicitor was withheld for 48 hours in accordance with emergency legislation. Mr Magee also alleged mistreatment during his detention and interrogation. He later complained to the European Court of Human Rights (ECtHR) which upheld his submissions with respect denial of access to a lawyer, finding that Mr Magee’s right to a fair trial had been violated. The CCRC referred the conviction in July 2000 on the basis that the ECtHR judgment raised a real possibility the court would conclude that the confession evidence should have been excluded at trial. The Northern Ireland Court of Appeal quashed the conviction in January 2001."
https://ccrc.gov.uk/decision/green-thomas/,"Green, Thomas - Criminal Cases Review Commission Cookies on Criminal Cases Review Commission We use some essential cookies to make this service work. We’d also like to use analytics cookies so we can understand how you use the service and make improvements. Accept analytics cookies Reject analytics cookies View cookies Skip to content Search Search this website Search website Menu About us Facts and figures Our team Our powers and practices Special Projects Casework policies Annual Reports and other publications Board minutes Victims of crime Apply Your questions answered Making your application The case review process How we look after your information News Case Library Research Careers Contact Home Green, Thomas Go back to Home © Copyright, Criminal Cases Review Commission 2026. Green, Thomas Published: 9 September 2024 Thomas Green was convicted in June 1987 of murder and was sentenced to life imprisonment. The CCRC received an application for review of the conviction in March 1997. Following his arrest, Mr Green had been interviewed by police officers 12 times over three days. After his eighth interview, Mr Green was briefly admitted to hospital as a result of a hypoglycaemic episode. Mr Green made admissions to the murder in the two interviews which preceded as well as the interview which followed this hospital admission. Attempts were made at trial to exclude this confession evidence, which was the only evidence against Mr Green. The CCRC referred the conviction in February 1998 on the basis of new expert medical evidence obtained by the CCRC regarding the effect of the medical episode upon Mr Green’s fitness for interview. The Northern Ireland Court of Appeal quashed the conviction in March 2002. Contact us CCRC 23 Stephenson Street Birmingham B2 4BH DX: 715466 Birmingham 41 Telephone: 0121 233 1473 Email: info@ccrc.gov.uk Facebook Instagram Linkedin Secondary support links Staff and union activity Accessibility statement Privacy notice Cookie settings Support links العربية বাংলা 简体中文 正體中文 Français Ελληνικά हिंदी Polski ਪੰਜਾਬੀ Europeo español Español latinoamericano Türkçe Việt Cymraeg © Copyright,
    Criminal Cases Review Commission    2026.","Published: 9 September 2024 Thomas Green was convicted in June 1987 of murder and was sentenced to life imprisonment. The CCRC received an application for review of the conviction in March 1997. Following his arrest, Mr Green had been interviewed by police officers 12 times over three days. After his eighth interview, Mr Green was briefly admitted to hospital as a result of a hypoglycaemic episode. Mr Green made admissions to the murder in the two interviews which preceded as well as the interview which followed this hospital admission. Attempts were made at trial to exclude this confession evidence, which was the only evidence against Mr Green. The CCRC referred the conviction in February 1998 on the basis of new expert medical evidence obtained by the CCRC regarding the effect of the medical episode upon Mr Green’s fitness for interview. The Northern Ireland Court of Appeal quashed the conviction in March 2002."
https://ccrc.gov.uk/decision/gorman-william/,"Gorman, William - Criminal Cases Review Commission Cookies on Criminal Cases Review Commission We use some essential cookies to make this service work. We’d also like to use analytics cookies so we can understand how you use the service and make improvements. Accept analytics cookies Reject analytics cookies View cookies Skip to content Search Search this website Search website Menu About us Facts and figures Our team Our powers and practices Special Projects Casework policies Annual Reports and other publications Board minutes Victims of crime Apply Your questions answered Making your application The case review process How we look after your information News Case Library Research Careers Contact Home Gorman, William Go back to Home © Copyright, Criminal Cases Review Commission 2026. Gorman, William Published: 9 September 2024 William Gorman was convicted in December 1980 of murder, causing an explosion, possession of explosive substances, possession of firearms and ammunition, and belonging to a proscribed organisation. Mr Gorman received a sentence of life imprisonment. The CCRC received an application for review of the conviction in April 1997. After his arrest, Mr Gorman had been taken to Castlereagh Police Station and interviewed 11 times between 24 and 26 October 1979. At the eighth interview, according to the testimony of police officers, he made a confession statement and named Patrick McKinney (whose case was also referred by the CCRC) as his accomplice. Mr McKinney was then said to have also confessed at his seventh interview. Both Messrs Gorman and McKinney alleged assault and misconduct whilst in custody which had forced their confessions. However, the judge found the police officers truthful and reliable witnesses. The CCRC referred the convictions in August 1998 on the basis of new electrostatic detection apparatus (ESDA) evidence which revealed that there had been some re-writing of notes by the police officers who had interviewed the suspects, rebutting the officers’ claim that the notes were entirely contemporaneous. If presented at trial, this evidence could have been used to significantly challenge the police officers’ evidence. The convictions had rested heavily on the credibility of the interviewing officers’ narrative accounts of the police interviews but the ESDA evidence threw strong doubt upon the reliability of these accounts. The Northern Ireland Court of Appeal quashed the conviction in October 1999. Contact us CCRC 23 Stephenson Street Birmingham B2 4BH DX: 715466 Birmingham 41 Telephone: 0121 233 1473 Email: info@ccrc.gov.uk Facebook Instagram Linkedin Secondary support links Staff and union activity Accessibility statement Privacy notice Cookie settings Support links العربية বাংলা 简体中文 正體中文 Français Ελληνικά हिंदी Polski ਪੰਜਾਬੀ Europeo español Español latinoamericano Türkçe Việt Cymraeg © Copyright,
    Criminal Cases Review Commission    2026.","Published: 9 September 2024 William Gorman was convicted in December 1980 of murder, causing an explosion, possession of explosive substances, possession of firearms and ammunition, and belonging to a proscribed organisation. Mr Gorman received a sentence of life imprisonment. The CCRC received an application for review of the conviction in April 1997. After his arrest, Mr Gorman had been taken to Castlereagh Police Station and interviewed 11 times between 24 and 26 October 1979. At the eighth interview, according to the testimony of police officers, he made a confession statement and named Patrick McKinney (whose case was also referred by the CCRC) as his accomplice. Mr McKinney was then said to have also confessed at his seventh interview. Both Messrs Gorman and McKinney alleged assault and misconduct whilst in custody which had forced their confessions. However, the judge found the police officers truthful and reliable witnesses. The CCRC referred the convictions in August 1998 on the basis of new electrostatic detection apparatus (ESDA) evidence which revealed that there had been some re-writing of notes by the police officers who had interviewed the suspects, rebutting the officers’ claim that the notes were entirely contemporaneous. If presented at trial, this evidence could have been used to significantly challenge the police officers’ evidence. The convictions had rested heavily on the credibility of the interviewing officers’ narrative accounts of the police interviews but the ESDA evidence threw strong doubt upon the reliability of these accounts. The Northern Ireland Court of Appeal quashed the conviction in October 1999."
https://ccrc.gov.uk/decision/hanna-hugh/,"Hanna, Hugh - Criminal Cases Review Commission Cookies on Criminal Cases Review Commission We use some essential cookies to make this service work. We’d also like to use analytics cookies so we can understand how you use the service and make improvements. Accept analytics cookies Reject analytics cookies View cookies Skip to content Search Search this website Search website Menu About us Facts and figures Our team Our powers and practices Special Projects Casework policies Annual Reports and other publications Board minutes Victims of crime Apply Your questions answered Making your application The case review process How we look after your information News Case Library Research Careers Contact Home Hanna, Hugh Go back to Home © Copyright, Criminal Cases Review Commission 2026. Hanna, Hugh Published: 9 September 2024 Hugh Hanna was convicted, alongside his co-defendant Robert Hindes, in June 1977 of murder and possession of firearms with intent. Mr Hanna received a sentence of life imprisonment. The CCRC received an application for review of the conviction in April 1997. Mr Hanna had been arrested in 1976 on suspicion of having carried out a murder on behalf of a loyalist paramilitary gang in Northern Ireland. Mr Hanna, then aged 16, was interviewed four times over 60 hours. He was denied the support of either a solicitor or his parents until the final interview, when his father was present as he made a confession statement. The CCRC’s investigation raised several concerns in respect of the police’s interviews: The length and succession of interviews by officers leading up to the confession. The prolonged period of detention in custody. Allegations of oppressive conduct in questioning. A failure to assess fitness for interview (new psychiatric evidence suggested Mr Hanna would have been vulnerable in the face of intense questioning, affecting the reliability of his confession). Denial of medication. Denial of any supporting adult or legal advice during questioning, in breach of the Judges’ Rules then applicable to the interrogation of suspects. In addition, the CCRC found that the terms of the confession had developed and changed, giving rise to doubts about the credibility of the confession evidence. Mr Hanna’s confession was also inconsistent with Mr Hindes’ confession and with the crime scene evidence. Finally, sensitive information tending to exculpate both defendants had been withheld from the defence and there were substantial deficiencies in the forensic evidence presented at trial. The CCRC referred the conviction in October 2003. The Northern Ireland Court of Appeal quashed the conviction in September 2005. Contact us CCRC 23 Stephenson Street Birmingham B2 4BH DX: 715466 Birmingham 41 Telephone: 0121 233 1473 Email: info@ccrc.gov.uk Facebook Instagram Linkedin Secondary support links Staff and union activity Accessibility statement Privacy notice Cookie settings Support links العربية বাংলা 简体中文 正體中文 Français Ελληνικά हिंदी Polski ਪੰਜਾਬੀ Europeo español Español latinoamericano Türkçe Việt Cymraeg © Copyright,
    Criminal Cases Review Commission    2026.","Published: 9 September 2024 Hugh Hanna was convicted, alongside his co-defendant Robert Hindes, in June 1977 of murder and possession of firearms with intent. Mr Hanna received a sentence of life imprisonment. The CCRC received an application for review of the conviction in April 1997. Mr Hanna had been arrested in 1976 on suspicion of having carried out a murder on behalf of a loyalist paramilitary gang in Northern Ireland. Mr Hanna, then aged 16, was interviewed four times over 60 hours. He was denied the support of either a solicitor or his parents until the final interview, when his father was present as he made a confession statement. The CCRC’s investigation raised several concerns in respect of the police’s interviews: The length and succession of interviews by officers leading up to the confession. The prolonged period of detention in custody. Allegations of oppressive conduct in questioning. A failure to assess fitness for interview (new psychiatric evidence suggested Mr Hanna would have been vulnerable in the face of intense questioning, affecting the reliability of his confession). Denial of medication. Denial of any supporting adult or legal advice during questioning, in breach of the Judges’ Rules then applicable to the interrogation of suspects. In addition, the CCRC found that the terms of the confession had developed and changed, giving rise to doubts about the credibility of the confession evidence. Mr Hanna’s confession was also inconsistent with Mr Hindes’ confession and with the crime scene evidence. Finally, sensitive information tending to exculpate both defendants had been withheld from the defence and there were substantial deficiencies in the forensic evidence presented at trial. The CCRC referred the conviction in October 2003. The Northern Ireland Court of Appeal quashed the conviction in September 2005."
https://ccrc.gov.uk/decision/mckinney-patrick/,"McKinney, Patrick - Criminal Cases Review Commission Cookies on Criminal Cases Review Commission We use some essential cookies to make this service work. We’d also like to use analytics cookies so we can understand how you use the service and make improvements. Accept analytics cookies Reject analytics cookies View cookies Skip to content Search Search this website Search website Menu About us Facts and figures Our team Our powers and practices Special Projects Casework policies Annual Reports and other publications Board minutes Victims of crime Apply Your questions answered Making your application The case review process How we look after your information News Case Library Research Careers Contact Home McKinney, Patrick Go back to Home © Copyright, Criminal Cases Review Commission 2026. McKinney, Patrick Published: 9 September 2024 Patrick McKinney was convicted in December 1980 of murder, possession of firearms and ammunition, and belonging to a proscribed organisation. Mr McKinney received a sentence of life imprisonment. The CCRC received an application for review of the conviction in April 1997. Mr McKinney’s co-defendant, William Gorman (whose case was also referred by the CCRC), had been arrested in October 1979 on suspicion of murdering a police constable. He was interviewed 11 times between 24 and 26 October at Castlereagh Police Station. At the eighth of these interviews, according to the testimony of police officers, Mr Gorman made a confession statement and named Mr McKinney as his accomplice. Mr McKinney was then arrested and was said to have also confessed at his seventh interview. Both Messrs Gorman and McKinney alleged assault and misconduct whilst in custody which had forced their confessions. However, the trial judge found the police officers truthful and reliable witnesses. The CCRC referred the convictions in August 1998 on the basis of new electrostatic detection apparatus (ESDA) evidence which revealed that there had been some re-writing of notes by the police officers who had interviewed the suspects, rebutting the officers’ claims that the notes were entirely contemporaneous. If presented at trial, this evidence could have been used to significantly challenge the police officers’ evidence. The convictions had rested heavily on the credibility of the interviewing officers’ narrative accounts of the police interviews but the ESDA evidence threw strong doubt upon the reliability of these accounts. The Northern Ireland Court of Appeal quashed the conviction in October 1999. Contact us CCRC 23 Stephenson Street Birmingham B2 4BH DX: 715466 Birmingham 41 Telephone: 0121 233 1473 Email: info@ccrc.gov.uk Facebook Instagram Linkedin Secondary support links Staff and union activity Accessibility statement Privacy notice Cookie settings Support links العربية বাংলা 简体中文 正體中文 Français Ελληνικά हिंदी Polski ਪੰਜਾਬੀ Europeo español Español latinoamericano Türkçe Việt Cymraeg © Copyright,
    Criminal Cases Review Commission    2026.","Published: 9 September 2024 Patrick McKinney was convicted in December 1980 of murder, possession of firearms and ammunition, and belonging to a proscribed organisation. Mr McKinney received a sentence of life imprisonment. The CCRC received an application for review of the conviction in April 1997. Mr McKinney’s co-defendant, William Gorman (whose case was also referred by the CCRC), had been arrested in October 1979 on suspicion of murdering a police constable. He was interviewed 11 times between 24 and 26 October at Castlereagh Police Station. At the eighth of these interviews, according to the testimony of police officers, Mr Gorman made a confession statement and named Mr McKinney as his accomplice. Mr McKinney was then arrested and was said to have also confessed at his seventh interview. Both Messrs Gorman and McKinney alleged assault and misconduct whilst in custody which had forced their confessions. However, the trial judge found the police officers truthful and reliable witnesses. The CCRC referred the convictions in August 1998 on the basis of new electrostatic detection apparatus (ESDA) evidence which revealed that there had been some re-writing of notes by the police officers who had interviewed the suspects, rebutting the officers’ claims that the notes were entirely contemporaneous. If presented at trial, this evidence could have been used to significantly challenge the police officers’ evidence. The convictions had rested heavily on the credibility of the interviewing officers’ narrative accounts of the police interviews but the ESDA evidence threw strong doubt upon the reliability of these accounts. The Northern Ireland Court of Appeal quashed the conviction in October 1999."
https://ccrc.gov.uk/decision/hindes-robert/,"Hindes, Robert - Criminal Cases Review Commission Cookies on Criminal Cases Review Commission We use some essential cookies to make this service work. We’d also like to use analytics cookies so we can understand how you use the service and make improvements. Accept analytics cookies Reject analytics cookies View cookies Skip to content Search Search this website Search website Menu About us Facts and figures Our team Our powers and practices Special Projects Casework policies Annual Reports and other publications Board minutes Victims of crime Apply Your questions answered Making your application The case review process How we look after your information News Case Library Research Careers Contact Home Hindes, Robert Go back to Home © Copyright, Criminal Cases Review Commission 2026. Hindes, Robert Published: 9 September 2024 Robert Hindes was convicted, alongside his co-defendant Hugh Hanna, in June 1977 of murder and possession of firearms with intent. Mr Hindes received a sentence of life imprisonment. The CCRC received an application for review of the conviction in April 1997. Mr Hindes had been arrested in 1976 on suspicion of having carried out a murder on behalf of a loyalist paramilitary gang in Northern Ireland. Mr Hindes, then aged 16, was interviewed four times over 60 hours. He was denied the support of either a solicitor or his parents until the seventh interview, when his father was present as he made a confession statement. The CCRC’s investigation raised several concerns in respect of the police’s interviews: The length and succession of interviews by officers leading up to the confession. The prolonged period of detention in custody. Allegations of oppressive conduct in questioning. A failure to assess fitness for interview (new psychiatric evidence suggested Mr Hanna would have been vulnerable in the face of intense questioning, affecting the reliability of his confession). Denial of medication. Denial of any supporting adult or legal advice during questioning, in breach of the Judges’ Rules then applicable to the interrogation of suspects. In addition, the CCRC found that the terms of the confession had developed and changed, giving rise to doubts about the credibility of the confession evidence. Mr Hindes’ confession was also inconsistent with Mr Hanna’s confession and with the crime scene evidence. Finally, sensitive information tending to exculpate both defendants had been withheld from the defence and there were substantial deficiencies in the forensic evidence presented at trial. The CCRC referred the conviction in October 2003. The Northern Ireland Court of Appeal quashed the conviction in September 2005. Contact us CCRC 23 Stephenson Street Birmingham B2 4BH DX: 715466 Birmingham 41 Telephone: 0121 233 1473 Email: info@ccrc.gov.uk Facebook Instagram Linkedin Secondary support links Staff and union activity Accessibility statement Privacy notice Cookie settings Support links العربية বাংলা 简体中文 正體中文 Français Ελληνικά हिंदी Polski ਪੰਜਾਬੀ Europeo español Español latinoamericano Türkçe Việt Cymraeg © Copyright,
    Criminal Cases Review Commission    2026.","Published: 9 September 2024 Robert Hindes was convicted, alongside his co-defendant Hugh Hanna, in June 1977 of murder and possession of firearms with intent. Mr Hindes received a sentence of life imprisonment. The CCRC received an application for review of the conviction in April 1997. Mr Hindes had been arrested in 1976 on suspicion of having carried out a murder on behalf of a loyalist paramilitary gang in Northern Ireland. Mr Hindes, then aged 16, was interviewed four times over 60 hours. He was denied the support of either a solicitor or his parents until the seventh interview, when his father was present as he made a confession statement. The CCRC’s investigation raised several concerns in respect of the police’s interviews: The length and succession of interviews by officers leading up to the confession. The prolonged period of detention in custody. Allegations of oppressive conduct in questioning. A failure to assess fitness for interview (new psychiatric evidence suggested Mr Hanna would have been vulnerable in the face of intense questioning, affecting the reliability of his confession). Denial of medication. Denial of any supporting adult or legal advice during questioning, in breach of the Judges’ Rules then applicable to the interrogation of suspects. In addition, the CCRC found that the terms of the confession had developed and changed, giving rise to doubts about the credibility of the confession evidence. Mr Hindes’ confession was also inconsistent with Mr Hanna’s confession and with the crime scene evidence. Finally, sensitive information tending to exculpate both defendants had been withheld from the defence and there were substantial deficiencies in the forensic evidence presented at trial. The CCRC referred the conviction in October 2003. The Northern Ireland Court of Appeal quashed the conviction in September 2005."
https://ccrc.gov.uk/decision/mccartney-raymond/,"McCartney, Raymond - Criminal Cases Review Commission Cookies on Criminal Cases Review Commission We use some essential cookies to make this service work. We’d also like to use analytics cookies so we can understand how you use the service and make improvements. Accept analytics cookies Reject analytics cookies View cookies Skip to content Search Search this website Search website Menu About us Facts and figures Our team Our powers and practices Special Projects Casework policies Annual Reports and other publications Board minutes Victims of crime Apply Your questions answered Making your application The case review process How we look after your information News Case Library Research Careers Contact Home McCartney, Raymond Go back to Home © Copyright, Criminal Cases Review Commission 2026. McCartney, Raymond Published: 9 September 2024 Raymond McCartney was convicted in January 1979 of murder and belonging to a proscribed organisation. Mr McCartney received a sentence of life imprisonment. The CCRC received an application for review of the conviction in July 2002. Mr McCartney had been arrested in 1977 and interrogated by teams of Royal Ulster Constabulary (RUC) officers. Mr McCartney confessed to the offences, his conviction being substantially based upon confession evidence which had been ruled admissible by the trial judge. Mr McCartney complained of ill-treatment and misconduct during interrogation. During review, the CCRC obtained new evidence, not presented to the trial judge, relating to the ill-treatment of other suspects also held for interrogation at Castlereagh Police Station at the same time as Mr McCartney, strengthening Mr McCartney’s case that he had also been mistreated. Two RUC officers, one of whom had been involved in the interrogation of Mr McCartney, had been recommended for prosecution. The CCRC considered that this evidence might have altered the trial judge’s view of the police officers’ credibility and that the confession statements might therefore have been ruled inadmissible. The CCRC referred the conviction in January 2006. The Northern Ireland Court of Appeal quashed the conviction in February 2007. Contact us CCRC 23 Stephenson Street Birmingham B2 4BH DX: 715466 Birmingham 41 Telephone: 0121 233 1473 Email: info@ccrc.gov.uk Facebook Instagram Linkedin Secondary support links Staff and union activity Accessibility statement Privacy notice Cookie settings Support links العربية বাংলা 简体中文 正體中文 Français Ελληνικά हिंदी Polski ਪੰਜਾਬੀ Europeo español Español latinoamericano Türkçe Việt Cymraeg © Copyright,
    Criminal Cases Review Commission    2026.","Published: 9 September 2024 Raymond McCartney was convicted in January 1979 of murder and belonging to a proscribed organisation. Mr McCartney received a sentence of life imprisonment. The CCRC received an application for review of the conviction in July 2002. Mr McCartney had been arrested in 1977 and interrogated by teams of Royal Ulster Constabulary (RUC) officers. Mr McCartney confessed to the offences, his conviction being substantially based upon confession evidence which had been ruled admissible by the trial judge. Mr McCartney complained of ill-treatment and misconduct during interrogation. During review, the CCRC obtained new evidence, not presented to the trial judge, relating to the ill-treatment of other suspects also held for interrogation at Castlereagh Police Station at the same time as Mr McCartney, strengthening Mr McCartney’s case that he had also been mistreated. Two RUC officers, one of whom had been involved in the interrogation of Mr McCartney, had been recommended for prosecution. The CCRC considered that this evidence might have altered the trial judge’s view of the police officers’ credibility and that the confession statements might therefore have been ruled inadmissible. The CCRC referred the conviction in January 2006. The Northern Ireland Court of Appeal quashed the conviction in February 2007."
https://ccrc.gov.uk/decision/macdermott-eamonn/,"MacDermott, Eamonn - Criminal Cases Review Commission Cookies on Criminal Cases Review Commission We use some essential cookies to make this service work. We’d also like to use analytics cookies so we can understand how you use the service and make improvements. Accept analytics cookies Reject analytics cookies View cookies Skip to content Search Search this website Search website Menu About us Facts and figures Our team Our powers and practices Special Projects Casework policies Annual Reports and other publications Board minutes Victims of crime Apply Your questions answered Making your application The case review process How we look after your information News Case Library Research Careers Contact Home MacDermott, Eamonn Go back to Home © Copyright, Criminal Cases Review Commission 2026. MacDermott, Eamonn Published: 9 September 2024 Eamonn MacDermott was convicted in January 1979 of murder, attempted murder, possession of a firearm, belonging to a proscribed organisation, and conspiracy to collect information. Mr MacDermott received a sentence of life imprisonment. The CCRC received an application for review of the conviction in March 2002. Mr MacDermott had been arrested in 1977 and interrogated by teams of Royal Ulster Constabulary (RUC) officers. Mr MacDermott confessed to the offences, his conviction being substantially based upon confession evidence which had been ruled admissible by the trial judge. Mr MacDermott complained of ill-treatment and misconduct during interrogation. During review, the CCRC obtained new evidence, not presented to the trial judge, relating to the ill-treatment of other suspects also held for interrogation at Castlereagh Police Station at the same time as Mr MacDermott, strengthening Mr MacDermott’s case that he had also been mistreated. Two RUC officers, one of whom had been involved in the interrogation of Mr MacDermott, had been recommended for prosecution. The CCRC considered that this evidence might have altered the trial judge’s view of the police officers’ credibility and that the confession statements might therefore have been ruled inadmissible. The CCRC referred the conviction in January 2006. The Northern Ireland Court of Appeal quashed the conviction in February 2007. Contact us CCRC 23 Stephenson Street Birmingham B2 4BH DX: 715466 Birmingham 41 Telephone: 0121 233 1473 Email: info@ccrc.gov.uk Facebook Instagram Linkedin Secondary support links Staff and union activity Accessibility statement Privacy notice Cookie settings Support links العربية বাংলা 简体中文 正體中文 Français Ελληνικά हिंदी Polski ਪੰਜਾਬੀ Europeo español Español latinoamericano Türkçe Việt Cymraeg © Copyright,
    Criminal Cases Review Commission    2026.","Published: 9 September 2024 Eamonn MacDermott was convicted in January 1979 of murder, attempted murder, possession of a firearm, belonging to a proscribed organisation, and conspiracy to collect information. Mr MacDermott received a sentence of life imprisonment. The CCRC received an application for review of the conviction in March 2002. Mr MacDermott had been arrested in 1977 and interrogated by teams of Royal Ulster Constabulary (RUC) officers. Mr MacDermott confessed to the offences, his conviction being substantially based upon confession evidence which had been ruled admissible by the trial judge. Mr MacDermott complained of ill-treatment and misconduct during interrogation. During review, the CCRC obtained new evidence, not presented to the trial judge, relating to the ill-treatment of other suspects also held for interrogation at Castlereagh Police Station at the same time as Mr MacDermott, strengthening Mr MacDermott’s case that he had also been mistreated. Two RUC officers, one of whom had been involved in the interrogation of Mr MacDermott, had been recommended for prosecution. The CCRC considered that this evidence might have altered the trial judge’s view of the police officers’ credibility and that the confession statements might therefore have been ruled inadmissible. The CCRC referred the conviction in January 2006. The Northern Ireland Court of Appeal quashed the conviction in February 2007."
https://ccrc.gov.uk/decision/holden-liam/,"Holden, Liam - Criminal Cases Review Commission Cookies on Criminal Cases Review Commission We use some essential cookies to make this service work. We’d also like to use analytics cookies so we can understand how you use the service and make improvements. Accept analytics cookies Reject analytics cookies View cookies Skip to content Search Search this website Search website Menu About us Facts and figures Our team Our powers and practices Special Projects Casework policies Annual Reports and other publications Board minutes Victims of crime Apply Your questions answered Making your application The case review process How we look after your information News Case Library Research Careers Contact Home Holden, Liam Go back to Home © Copyright, Criminal Cases Review Commission 2026. Holden, Liam Published: 9 September 2024 Liam Holden was convicted in April 1973 of the murder of a solider in Belfast in September 1972 and for possession of a firearm and ammunition with intent. Mr Holden was sentenced to death, commuted to life imprisonment. The CCRC received an application for review of the conviction in September 2002. The case against Mr Holden had depended decisively on alleged admissions to guilt he had made to the army and police. The defence had applied to have these admissions excluded from evidence on the basis that they had been obtained by oppression resulting from Mr Holden’s treatment whilst in the custody of the army. The trial judge found the admissions to be admissible. Following review, the CCRC concluded that new evidence, in addition to the circumstances of Mr Holden’s arrest and detention, meant there was a real possibility the Northern Ireland Court of Appeal would find that the admissions should not have been admitted. Consequently, there was a real possibility the court would find Mr Holden’s conviction unsafe. The CCRC referred the conviction in July 2009. The Northern Ireland Court of Appeal quashed the conviction in June 2012. Contact us CCRC 23 Stephenson Street Birmingham B2 4BH DX: 715466 Birmingham 41 Telephone: 0121 233 1473 Email: info@ccrc.gov.uk Facebook Instagram Linkedin Secondary support links Staff and union activity Accessibility statement Privacy notice Cookie settings Support links العربية বাংলা 简体中文 正體中文 Français Ελληνικά हिंदी Polski ਪੰਜਾਬੀ Europeo español Español latinoamericano Türkçe Việt Cymraeg © Copyright,
    Criminal Cases Review Commission    2026.","Published: 9 September 2024 Liam Holden was convicted in April 1973 of the murder of a solider in Belfast in September 1972 and for possession of a firearm and ammunition with intent. Mr Holden was sentenced to death, commuted to life imprisonment. The CCRC received an application for review of the conviction in September 2002. The case against Mr Holden had depended decisively on alleged admissions to guilt he had made to the army and police. The defence had applied to have these admissions excluded from evidence on the basis that they had been obtained by oppression resulting from Mr Holden’s treatment whilst in the custody of the army. The trial judge found the admissions to be admissible. Following review, the CCRC concluded that new evidence, in addition to the circumstances of Mr Holden’s arrest and detention, meant there was a real possibility the Northern Ireland Court of Appeal would find that the admissions should not have been admitted. Consequently, there was a real possibility the court would find Mr Holden’s conviction unsafe. The CCRC referred the conviction in July 2009. The Northern Ireland Court of Appeal quashed the conviction in June 2012."
https://ccrc.gov.uk/decision/livingstone-patrick/,"Livingstone, Patrick - Criminal Cases Review Commission Cookies on Criminal Cases Review Commission We use some essential cookies to make this service work. We’d also like to use analytics cookies so we can understand how you use the service and make improvements. Accept analytics cookies Reject analytics cookies View cookies Skip to content Search Search this website Search website Menu About us Facts and figures Our team Our powers and practices Special Projects Casework policies Annual Reports and other publications Board minutes Victims of crime Apply Your questions answered Making your application The case review process How we look after your information News Case Library Research Careers Contact Home Livingstone, Patrick Go back to Home © Copyright, Criminal Cases Review Commission 2026. Livingstone, Patrick Published: 9 September 2024 Patrick Livingstone was tried for murder and for possession of a firearm and ammunition with intent at the Belfast City Commission in May 1977. He pleaded not guilty but was convicted and sentenced to life imprisonment He sought to appeal against his conviction but the appeal was dismissed in September 1977. He applied to the CCRC for a review of his case in May 2007. Following investigation, the CCRC decided to refer the conviction to the Northern Ireland Court of Appeal because it concluded that non-disclosure of material, along with other new evidence relevant to the credibility of disputed confession evidence, raised a real possibility that the Court would quash the conviction. The CCRC referred the conviction in April 2012. The Northern Ireland Court of Appeal quashed the conviction in June 2013. Contact us CCRC 23 Stephenson Street Birmingham B2 4BH DX: 715466 Birmingham 41 Telephone: 0121 233 1473 Email: info@ccrc.gov.uk Facebook Instagram Linkedin Secondary support links Staff and union activity Accessibility statement Privacy notice Cookie settings Support links العربية বাংলা 简体中文 正體中文 Français Ελληνικά हिंदी Polski ਪੰਜਾਬੀ Europeo español Español latinoamericano Türkçe Việt Cymraeg © Copyright,
    Criminal Cases Review Commission    2026.","Published: 9 September 2024 Patrick Livingstone was tried for murder and for possession of a firearm and ammunition with intent at the Belfast City Commission in May 1977. He pleaded not guilty but was convicted and sentenced to life imprisonment He sought to appeal against his conviction but the appeal was dismissed in September 1977. He applied to the CCRC for a review of his case in May 2007. Following investigation, the CCRC decided to refer the conviction to the Northern Ireland Court of Appeal because it concluded that non-disclosure of material, along with other new evidence relevant to the credibility of disputed confession evidence, raised a real possibility that the Court would quash the conviction. The CCRC referred the conviction in April 2012. The Northern Ireland Court of Appeal quashed the conviction in June 2013."
https://ccrc.gov.uk/decision/devine-michael/,"Devine, Michael - Criminal Cases Review Commission Cookies on Criminal Cases Review Commission We use some essential cookies to make this service work. We’d also like to use analytics cookies so we can understand how you use the service and make improvements. Accept analytics cookies Reject analytics cookies View cookies Skip to content Search Search this website Search website Menu About us Facts and figures Our team Our powers and practices Special Projects Casework policies Annual Reports and other publications Board minutes Victims of crime Apply Your questions answered Making your application The case review process How we look after your information News Case Library Research Careers Contact Home Devine, Michael Go back to Home © Copyright, Criminal Cases Review Commission 2026. Devine, Michael Published: 9 September 2024 Michael Devine was convicted in February 1981 at Belfast Crown Court of ten offences including attempted murder, firearms offences, conspiracy to pervert the course of public justice, and membership of a proscribed organisation. He pleaded not guilty at trial but was convicted and sentenced to 20 years’ imprisonment. Later that year Mr Devine began appeal proceedings but abandoned the appeal before the case was heard. He applied to the CCRC in 2014. Having reviewed the case in detail, the CCRC decided to refer Mr Devine’s case for appeal because it considered that there was a real possibility the Court would quash the conviction. The referral was based on the cumulative weight of a number of new factors including: The absence of modern standards of fairness within the police interview process. The Northern Ireland Court of Appeal’s decision in R v Paul Kelly : in which the Court quashed the conviction of Mr Devine’s co-defendant. The Northern Ireland Court of Appeal’s decision in the CCRC referral case of R v Patrick Livingstone which cast doubt on the credibility of at least two officers connected with Mr Devine’s case. New expert evidence from a forensic linguist expressing some concerns about disputed statements. Evidence potentially undermining the credibility of the senior interviewing officer (who also recorded the disputed statements). Other new confidential evidence. The CCRC referred the conviction in April 2019. The Northern Ireland Court of Appeal quashed the conviction in December 2020. Contact us CCRC 23 Stephenson Street Birmingham B2 4BH DX: 715466 Birmingham 41 Telephone: 0121 233 1473 Email: info@ccrc.gov.uk Facebook Instagram Linkedin Secondary support links Staff and union activity Accessibility statement Privacy notice Cookie settings Support links العربية বাংলা 简体中文 正體中文 Français Ελληνικά हिंदी Polski ਪੰਜਾਬੀ Europeo español Español latinoamericano Türkçe Việt Cymraeg © Copyright,
    Criminal Cases Review Commission    2026.","Published: 9 September 2024 Michael Devine was convicted in February 1981 at Belfast Crown Court of ten offences including attempted murder, firearms offences, conspiracy to pervert the course of public justice, and membership of a proscribed organisation. He pleaded not guilty at trial but was convicted and sentenced to 20 years’ imprisonment. Later that year Mr Devine began appeal proceedings but abandoned the appeal before the case was heard. He applied to the CCRC in 2014. Having reviewed the case in detail, the CCRC decided to refer Mr Devine’s case for appeal because it considered that there was a real possibility the Court would quash the conviction. The referral was based on the cumulative weight of a number of new factors including: The absence of modern standards of fairness within the police interview process. The Northern Ireland Court of Appeal’s decision in R v Paul Kelly : in which the Court quashed the conviction of Mr Devine’s co-defendant. The Northern Ireland Court of Appeal’s decision in the CCRC referral case of R v Patrick Livingstone which cast doubt on the credibility of at least two officers connected with Mr Devine’s case. New expert evidence from a forensic linguist expressing some concerns about disputed statements. Evidence potentially undermining the credibility of the senior interviewing officer (who also recorded the disputed statements). Other new confidential evidence. The CCRC referred the conviction in April 2019. The Northern Ireland Court of Appeal quashed the conviction in December 2020."
https://ccrc.gov.uk/decision/thompson-patrick/,"Thompson, Patrick - Criminal Cases Review Commission Cookies on Criminal Cases Review Commission We use some essential cookies to make this service work. We’d also like to use analytics cookies so we can understand how you use the service and make improvements. Accept analytics cookies Reject analytics cookies View cookies Skip to content Search Search this website Search website Menu About us Facts and figures Our team Our powers and practices Special Projects Casework policies Annual Reports and other publications Board minutes Victims of crime Apply Your questions answered Making your application The case review process How we look after your information News Case Library Research Careers Contact Home Thompson, Patrick Go back to Home © Copyright, Criminal Cases Review Commission 2026. Thompson, Patrick Published: 9 September 2024 Patrick Thompson received a life sentence with a 30-year minimum term for the murder of four British Army officers in a Northern Ireland landmine attack in the mid-1970s. The explosion, which happened early in the morning of July 17th, 1975, on the road between Dundalk and Newtownhamilton, is often referred to as the “Forkhill landmine attack”. The CCRC received an application for review of Mr Thompson’s conviction in February 2018. The CCRC referred Mr Thompson’s case on the grounds that there was a real possibility that the Court of Appeal would find his conviction to be unsafe because the senior officer who led the investigation was not a credible witness. Mr Thompson appeared before a Trial Judge in March 1976 at the Belfast City Commission. He was charged on four counts of murder and of being a member of a proscribed organisation. The prosecution relied upon admissions that Mr Thompson was alleged to have made in police custody. Mr Thompson stated that the alleged admissions were the result of ill-treatment by the police. Around a year after his sentencing in March 1977, Mr Thompson’s appeal against conviction was heard. He repeated that his admissions had been the result of inhuman and degrading treatment by members of the Royal Ulster Constabulary, and as such should have been excluded from his 1976 trial. However, his appeal was unsuccessful. Mr Thompson applied to the CCRC in February 2018 and after careful consideration, the CCRC found compelling evidence that called into question the credibility of the senior investigating police officer who questioned him at the time of his arrest. The same police officer was later criticised in the Northern Ireland Court of Appeal’s decision in R v Latimer, Hegan, Bell and Allen [1992] 1 NIJB 89. This judgment found that the officer was one of a number of RUC police officers who had re-written interview notes and had subsequently given untruthful evidence when called as trial witnesses. The officer had been present in an interview in which Mr Thompson was alleged to have confessed to the offences, the confession being crucial to the prosecution’s case. The allegations of the appellants in Latimer bore striking similarities to what Mr Thompson alleged happened in his own crucial interview. In addition, during review it emerged that another officer who had interviewed Mr Thompson in July 1975 had been prosecuted for having assaulted a different suspect in police custody in 1975 and was convicted of that offence, the circumstances of which bore similarities to the serious mistreatment Mr Thompson alleged during his own questioning. Having considered the Court’s findings in that case, the CCRC considered that the credibility of the lead police officer as “a witness of truth in criminal proceedings” was substantially weakened. On that basis there was a real possibility that the Northern Ireland Court of Appeal would conclude that Mr Thompson’s conviction was unsafe. The CCRC referred the conviction in March 2022. The Northern Ireland Court of Appeal quashed the conviction in April 2024. Contact us CCRC 23 Stephenson Street Birmingham B2 4BH DX: 715466 Birmingham 41 Telephone: 0121 233 1473 Email: info@ccrc.gov.uk Facebook Instagram Linkedin Secondary support links Staff and union activity Accessibility statement Privacy notice Cookie settings Support links العربية বাংলা 简体中文 正體中文 Français Ελληνικά हिंदी Polski ਪੰਜਾਬੀ Europeo español Español latinoamericano Türkçe Việt Cymraeg © Copyright,
    Criminal Cases Review Commission    2026.","Published: 9 September 2024 Patrick Thompson received a life sentence with a 30-year minimum term for the murder of four British Army officers in a Northern Ireland landmine attack in the mid-1970s. The explosion, which happened early in the morning of July 17th, 1975, on the road between Dundalk and Newtownhamilton, is often referred to as the “Forkhill landmine attack”. The CCRC received an application for review of Mr Thompson’s conviction in February 2018. The CCRC referred Mr Thompson’s case on the grounds that there was a real possibility that the Court of Appeal would find his conviction to be unsafe because the senior officer who led the investigation was not a credible witness. Mr Thompson appeared before a Trial Judge in March 1976 at the Belfast City Commission. He was charged on four counts of murder and of being a member of a proscribed organisation. The prosecution relied upon admissions that Mr Thompson was alleged to have made in police custody. Mr Thompson stated that the alleged admissions were the result of ill-treatment by the police. Around a year after his sentencing in March 1977, Mr Thompson’s appeal against conviction was heard. He repeated that his admissions had been the result of inhuman and degrading treatment by members of the Royal Ulster Constabulary, and as such should have been excluded from his 1976 trial. However, his appeal was unsuccessful. Mr Thompson applied to the CCRC in February 2018 and after careful consideration, the CCRC found compelling evidence that called into question the credibility of the senior investigating police officer who questioned him at the time of his arrest. The same police officer was later criticised in the Northern Ireland Court of Appeal’s decision in R v Latimer, Hegan, Bell and Allen [1992] 1 NIJB 89. This judgment found that the officer was one of a number of RUC police officers who had re-written interview notes and had subsequently given untruthful evidence when called as trial witnesses. The officer had been present in an interview in which Mr Thompson was alleged to have confessed to the offences, the confession being crucial to the prosecution’s case. The allegations of the appellants in Latimer bore striking similarities to what Mr Thompson alleged happened in his own crucial interview. In addition, during review it emerged that another officer who had interviewed Mr Thompson in July 1975 had been prosecuted for having assaulted a different suspect in police custody in 1975 and was convicted of that offence, the circumstances of which bore similarities to the serious mistreatment Mr Thompson alleged during his own questioning. Having considered the Court’s findings in that case, the CCRC considered that the credibility of the lead police officer as “a witness of truth in criminal proceedings” was substantially weakened. On that basis there was a real possibility that the Northern Ireland Court of Appeal would conclude that Mr Thompson’s conviction was unsafe. The CCRC referred the conviction in March 2022. The Northern Ireland Court of Appeal quashed the conviction in April 2024."
https://ccrc.gov.uk/decision/mcmenamin-charles/,"McMenamin, Charles - Criminal Cases Review Commission Cookies on Criminal Cases Review Commission We use some essential cookies to make this service work. We’d also like to use analytics cookies so we can understand how you use the service and make improvements. Accept analytics cookies Reject analytics cookies View cookies Skip to content Search Search this website Search website Menu About us Facts and figures Our team Our powers and practices Special Projects Casework policies Annual Reports and other publications Board minutes Victims of crime Apply Your questions answered Making your application The case review process How we look after your information News Case Library Research Careers Contact Home McMenamin, Charles Go back to Home © Copyright, Criminal Cases Review Commission 2026. McMenamin, Charles Published: 9 September 2024 Charles McMenamin was convicted in December 1979 at Belfast City Commission of belonging to a proscribed organisation, possession of firearms with intent, conspiracy to murder, collecting unlawful information, and communicating unlawful information. Mr McMenamin was sentenced to borstal training on all the counts on which he was convicted. He had been arrested in March 1978 at the age of 16. The prosecution contented that he was involved in terrorist activity. Mr McMenamin did not appeal. Mr McMenamin applied to the CCRC for review of his convictions in September 2003. Following investigation, the CCRC concluded that during his detention in police custody, Mr McMenamin was treated in a way that would not be acceptable according to current standards of fairness. Mr McMenamin was held for just under 58 hours, interviewed for a total of 11 hours and 20 minutes, allowed no access to an independent adult or a solicitor until he made confession statements, and had been exhibiting signs of distress. The degree of pressure that Mr McMenamin was under was evidenced by the fact that he pleaded guilty to an offence which he knew he could not have committed. In addition, the CCRC obtained new evidence relating to complaints against the police officers who had interviewed Mr McMenamin. The CCRC considered this new evidence might lead the court to find that there was a “taint” over the prosecution evidence upon which Mr McMenamin pleaded guilty. There was also evidence of non-disclosure of material to the defence. The CCRC referred the conviction in August 2006. The Northern Ireland Court of Appeal quashed the conviction in May 2007. Contact us CCRC 23 Stephenson Street Birmingham B2 4BH DX: 715466 Birmingham 41 Telephone: 0121 233 1473 Email: info@ccrc.gov.uk Facebook Instagram Linkedin Secondary support links Staff and union activity Accessibility statement Privacy notice Cookie settings Support links العربية বাংলা 简体中文 正體中文 Français Ελληνικά हिंदी Polski ਪੰਜਾਬੀ Europeo español Español latinoamericano Türkçe Việt Cymraeg © Copyright,
    Criminal Cases Review Commission    2026.","Published: 9 September 2024 Charles McMenamin was convicted in December 1979 at Belfast City Commission of belonging to a proscribed organisation, possession of firearms with intent, conspiracy to murder, collecting unlawful information, and communicating unlawful information. Mr McMenamin was sentenced to borstal training on all the counts on which he was convicted. He had been arrested in March 1978 at the age of 16. The prosecution contented that he was involved in terrorist activity. Mr McMenamin did not appeal. Mr McMenamin applied to the CCRC for review of his convictions in September 2003. Following investigation, the CCRC concluded that during his detention in police custody, Mr McMenamin was treated in a way that would not be acceptable according to current standards of fairness. Mr McMenamin was held for just under 58 hours, interviewed for a total of 11 hours and 20 minutes, allowed no access to an independent adult or a solicitor until he made confession statements, and had been exhibiting signs of distress. The degree of pressure that Mr McMenamin was under was evidenced by the fact that he pleaded guilty to an offence which he knew he could not have committed. In addition, the CCRC obtained new evidence relating to complaints against the police officers who had interviewed Mr McMenamin. The CCRC considered this new evidence might lead the court to find that there was a “taint” over the prosecution evidence upon which Mr McMenamin pleaded guilty. There was also evidence of non-disclosure of material to the defence. The CCRC referred the conviction in August 2006. The Northern Ireland Court of Appeal quashed the conviction in May 2007."
