case_id,abduction,accessory_or_complicity,actus_reus_killing,alibi_claim,assault_method_blunt_force,assault_method_shooting,assault_method_stabbing,blood_spatter_pattern_consistent,boasting_admissions,call_logs_prior_contact,causation,cctv_attack_visible,cctv_presence,concealment_actions,confession_or_admission,confession_third_party,defendant_intoxicated,diminished_responsibility,disposal_of_weapon,dna_match_defendant_on_weapon,dna_match_victim_on_defendant,duress_not_available_murder,encounter,expert_opinion_diminished_resp,eyewitness_heard_threat,eyewitness_identification,financial_transactions_gain,fingerprint_match_on_weapon,flight_after_offence,gunshot_residue_gsr,inconsistent_statements,injury_defensive_wounds,insanity,joint_enterprise_presence,lawful_killing_self_defence,location_private_dwelling,location_public_space,loss_of_control,manslaughter_diminished_resp,manslaughter_gross_negligence,manslaughter_loss_of_control,manslaughter_unlawful_act,medical_history_mental_impairment,mens_rea_intent_gbh,mens_rea_intent_to_kill,messages_prior_threats,motive_financial_gain,motive_jealousy_revenge,murder,paragraph_marker,phone_cell_site_near_scene,planning_premeditation,poisoning,post_offence_burial,prior_assault,prior_conflict,prior_threats,purchase_record_weapon,search_history_weapons_or_poison,self_defence_legal,strangulation,tied_restraint,time_of_death_window_narrow,unlawful_killing,victim_intoxicated,weapon_blunt,weapon_firearm,weapon_petrol_fire,weapon_present,weapon_sharp,withdrawal_effective,withdrawal_from_joint_enterprise,witness_self_defence_statements,wound_blunt_force,wound_sharp_force
CASE_00006,0.0,0.0,1.0,0.0,0.0,4.0,0.0,0,0.0,0,0.0,0,0,0,0.0,0,0.0,0.0,0,0,0,0,0.0,0,0,0,0.0,0,0.0,0.0,0.0,0.0,0.0,0.0,0.0,0.0,2.0,0.0,0,0,0,0.0,0,0,0.0,0,0.0,0.0,30.0,0,0,0.0,0.0,0,0.0,0.0,0.0,0,0,0.0,0.0,0.0,0,0.0,0.0,0.0,5.0,0.0,0.0,1.0,0.0,0,0,0,0.0
CASE_00007,0.0,3.0,1.0,0.0,0.0,0.0,0.0,0,0.0,0,2.0,0,0,0,1.0,0,0.0,0.0,0,0,0,0,0.0,0,0,0,0.0,0,0.0,0.0,0.0,0.0,0.0,1.0,0.0,0.0,1.0,0.0,0,0,0,0.0,0,0,6.0,0,0.0,0.0,29.0,0,0,2.0,0.0,0,0.0,0.0,0.0,0,0,0.0,0.0,0.0,0,1.0,0.0,0.0,0.0,0.0,0.0,0.0,0.0,0,0,0,0.0
CASE_00019,0.0,2.0,0.0,0.0,0.0,0.0,0.0,0,0.0,0,0.0,0,0,0,0.0,0,0.0,0.0,0,0,0,0,0.0,0,0,0,0.0,0,0.0,0.0,0.0,0.0,0.0,0.0,0.0,0.0,0.0,0.0,0,0,0,0.0,0,0,0.0,0,0.0,0.0,0.0,0,0,0.0,0.0,0,0.0,0.0,0.0,0,0,0.0,0.0,0.0,0,0.0,0.0,0.0,0.0,0.0,0.0,0.0,0.0,0,0,0,0.0
CASE_00045,0.0,0.0,1.0,0.0,0.0,0.0,0.0,0,0.0,0,0.0,0,0,0,1.0,0,0.0,0.0,0,0,0,0,0.0,0,0,0,0.0,0,0.0,0.0,0.0,0.0,0.0,0.0,0.0,1.0,1.0,0.0,0,0,0,0.0,0,0,4.0,0,0.0,0.0,10.0,0,0,0.0,0.0,0,0.0,0.0,0.0,0,0,0.0,0.0,0.0,0,0.0,0.0,0.0,0.0,0.0,0.0,0.0,0.0,0,0,0,0.0
CASE_00061,0.0,40.0,6.0,0.0,2.0,2.0,1.0,0,0.0,0,1.0,0,0,0,1.0,0,0.0,0.0,0,0,0,0,0.0,0,0,0,0.0,0,0.0,0.0,0.0,0.0,0.0,4.0,2.0,0.0,4.0,0.0,0,0,0,0.0,0,0,0.0,0,0.0,0.0,38.0,0,0,3.0,0.0,0,0.0,0.0,0.0,0,0,1.0,0.0,0.0,0,4.0,0.0,0.0,2.0,0.0,9.0,13.0,0.0,0,0,0,0.0
CASE_00108,0.0,1.0,0.0,0.0,0.0,5.0,0.0,0,0.0,0,0.0,0,0,0,0.0,0,0.0,0.0,0,0,0,0,0.0,0,0,0,0.0,0,0.0,0.0,0.0,0.0,0.0,0.0,0.0,0.0,0.0,0.0,0,0,0,0.0,0,0,0.0,0,0.0,2.0,27.0,0,0,12.0,0.0,0,0.0,0.0,0.0,0,0,0.0,0.0,0.0,0,0.0,0.0,0.0,33.0,0.0,1.0,0.0,0.0,0,0,0,0.0
CASE_00114,2.0,0.0,10.0,0.0,0.0,31.0,0.0,0,0.0,0,26.0,0,0,0,1.0,0,0.0,0.0,0,0,0,0,0.0,0,0,0,0.0,0,0.0,0.0,0.0,0.0,0.0,3.0,0.0,0.0,7.0,0.0,0,0,0,0.0,0,0,3.0,0,0.0,0.0,36.0,0,0,0.0,0.0,0,0.0,0.0,1.0,0,0,18.0,0.0,0.0,0,3.0,0.0,0.0,30.0,0.0,9.0,0.0,0.0,0,0,0,0.0
CASE_00116,0.0,9.0,0.0,0.0,2.0,0.0,2.0,0,0.0,0,0.0,0,0,0,2.0,0,0.0,0.0,0,0,0,0,0.0,0,0,0,0.0,0,0.0,0.0,0.0,0.0,0.0,1.0,0.0,0.0,10.0,2.0,0,0,0,0.0,0,0,2.0,0,0.0,0.0,33.0,0,0,0.0,0.0,0,0.0,0.0,0.0,0,0,0.0,0.0,0.0,0,1.0,0.0,1.0,2.0,0.0,1.0,22.0,0.0,0,0,0,0.0
CASE_00133,0.0,3.0,1.0,0.0,0.0,0.0,0.0,0,0.0,0,0.0,0,0,0,1.0,0,0.0,0.0,0,0,0,0,0.0,0,0,0,0.0,0,0.0,0.0,0.0,0.0,0.0,1.0,0.0,0.0,1.0,0.0,0,0,0,0.0,0,0,0.0,0,0.0,0.0,17.0,0,0,0.0,0.0,0,0.0,0.0,0.0,0,0,0.0,0.0,0.0,0,0.0,0.0,0.0,1.0,0.0,0.0,1.0,0.0,0,0,0,0.0
CASE_00144,0.0,0.0,2.0,0.0,0.0,2.0,1.0,0,0.0,0,1.0,0,0,0,0.0,0,0.0,0.0,0,0,0,0,0.0,0,0,0,0.0,0,0.0,0.0,0.0,0.0,0.0,0.0,0.0,0.0,0.0,0.0,0,0,0,0.0,0,0,0.0,0,0.0,0.0,19.0,0,0,0.0,0.0,0,0.0,0.0,0.0,0,0,0.0,0.0,0.0,0,0.0,0.0,0.0,1.0,0.0,1.0,21.0,0.0,0,0,0,1.0
CASE_00156,0.0,0.0,4.0,2.0,8.0,0.0,12.0,0,0.0,0,0.0,0,0,0,5.0,0,3.0,0.0,0,0,0,0,1.0,0,0,0,0.0,0,0.0,0.0,0.0,0.0,0.0,2.0,0.0,0.0,5.0,0.0,0,0,0,0.0,0,0,0.0,0,0.0,4.0,32.0,0,0,0.0,0.0,0,0.0,0.0,0.0,0,0,2.0,0.0,0.0,0,0.0,0.0,0.0,0.0,0.0,2.0,14.0,0.0,0,0,0,1.0
CASE_00158,0.0,0.0,3.0,0.0,0.0,0.0,0.0,0,0.0,0,0.0,0,0,0,0.0,0,0.0,10.0,0,0,0,0,0.0,0,0,0,0.0,0,0.0,0.0,0.0,0.0,1.0,0.0,0.0,0.0,2.0,0.0,0,0,0,0.0,0,0,2.0,0,0.0,0.0,26.0,0,0,0.0,1.0,0,0.0,0.0,0.0,0,0,0.0,0.0,0.0,0,3.0,0.0,0.0,0.0,0.0,0.0,0.0,0.0,0,0,0,0.0
CASE_00191,0.0,0.0,0.0,0.0,0.0,0.0,0.0,0,0.0,0,0.0,0,0,0,1.0,0,0.0,6.0,0,0,0,0,0.0,0,0,0,0.0,0,0.0,0.0,0.0,0.0,0.0,0.0,0.0,0.0,1.0,0.0,0,0,0,0.0,0,0,0.0,0,0.0,0.0,4.0,0,0,0.0,0.0,0,0.0,0.0,0.0,0,0,0.0,0.0,0.0,0,0.0,0.0,0.0,0.0,0.0,0.0,0.0,0.0,0,0,0,0.0
CASE_00193,0.0,0.0,0.0,0.0,0.0,0.0,0.0,0,0.0,0,0.0,0,0,0,0.0,0,0.0,6.0,0,0,0,0,1.0,0,0,0,0.0,0,0.0,0.0,0.0,0.0,0.0,1.0,0.0,0.0,1.0,0.0,0,0,0,0.0,0,0,0.0,0,0.0,0.0,2.0,0,0,0.0,0.0,0,0.0,0.0,0.0,0,0,0.0,0.0,0.0,0,0.0,0.0,0.0,0.0,0.0,0.0,0.0,0.0,0,0,0,0.0
CASE_00203,0.0,0.0,1.0,0.0,2.0,0.0,0.0,0,0.0,0,0.0,0,0,0,0.0,0,1.0,2.0,0,0,0,0,0.0,0,0,0,0.0,0,0.0,0.0,0.0,0.0,0.0,0.0,1.0,0.0,0.0,0.0,0,0,0,0.0,0,0,3.0,0,0.0,0.0,12.0,0,0,0.0,0.0,0,0.0,0.0,0.0,0,0,0.0,2.0,0.0,0,2.0,1.0,0.0,0.0,0.0,0.0,0.0,0.0,0,0,0,0.0
CASE_00216,3.0,0.0,0.0,9.0,0.0,1.0,0.0,0,0.0,0,0.0,0,0,0,7.0,0,0.0,0.0,0,0,0,0,1.0,0,0,0,0.0,0,0.0,0.0,0.0,0.0,0.0,4.0,0.0,0.0,11.0,0.0,0,0,0,0.0,0,0,0.0,0,0.0,1.0,29.0,0,0,7.0,0.0,0,0.0,0.0,0.0,0,0,0.0,0.0,0.0,0,0.0,0.0,0.0,11.0,1.0,0.0,0.0,0.0,0,0,0,0.0
CASE_00225,0.0,8.0,0.0,0.0,1.0,0.0,1.0,0,0.0,0,0.0,0,0,0,2.0,0,1.0,0.0,0,0,0,0,2.0,0,0,0,0.0,0,3.0,0.0,0.0,0.0,0.0,0.0,0.0,0.0,6.0,0.0,0,0,0,0.0,0,0,0.0,0,0.0,0.0,23.0,0,0,7.0,0.0,0,0.0,0.0,0.0,0,0,0.0,1.0,0.0,0,1.0,0.0,0.0,0.0,0.0,0.0,2.0,1.0,0,0,0,0.0
CASE_00232,0.0,3.0,9.0,1.0,1.0,0.0,0.0,0,0.0,0,0.0,0,0,0,2.0,0,0.0,0.0,0,0,0,0,1.0,0,0,0,0.0,0,0.0,0.0,0.0,0.0,0.0,0.0,0.0,3.0,1.0,0.0,0,0,0,0.0,0,0,0.0,0,0.0,0.0,21.0,0,0,4.0,0.0,0,0.0,0.0,0.0,0,0,0.0,0.0,0.0,0,0.0,0.0,1.0,0.0,0.0,0.0,2.0,0.0,0,0,0,0.0
CASE_00270,0.0,0.0,4.0,0.0,2.0,0.0,0.0,0,0.0,0,0.0,0,0,0,1.0,0,0.0,42.0,0,0,0,0,0.0,0,0,0,0.0,0,0.0,0.0,0.0,0.0,0.0,2.0,0.0,0.0,0.0,0.0,0,0,0,0.0,0,0,2.0,0,0.0,1.0,32.0,0,0,2.0,6.0,0,0.0,0.0,0.0,0,0,0.0,0.0,0.0,0,0.0,0.0,0.0,0.0,0.0,0.0,0.0,0.0,0,0,0,0.0
CASE_00302,0.0,2.0,1.0,0.0,0.0,0.0,2.0,0,1.0,0,0.0,0,0,0,4.0,0,0.0,0.0,0,0,0,0,0.0,0,0,0,0.0,0,0.0,0.0,0.0,0.0,0.0,1.0,0.0,0.0,1.0,0.0,0,0,0,0.0,0,0,0.0,0,0.0,0.0,9.0,0,0,0.0,0.0,0,0.0,0.0,0.0,0,0,0.0,0.0,0.0,0,0.0,0.0,0.0,0.0,0.0,0.0,6.0,0.0,0,0,0,3.0
CASE_00303,0.0,1.0,0.0,0.0,0.0,0.0,0.0,0,0.0,0,0.0,0,0,0,2.0,0,1.0,0.0,0,0,0,0,0.0,0,0,0,0.0,0,0.0,0.0,0.0,0.0,0.0,1.0,0.0,0.0,1.0,0.0,0,0,0,0.0,0,0,0.0,0,0.0,0.0,9.0,0,0,0.0,0.0,0,0.0,0.0,0.0,0,0,6.0,0.0,0.0,0,0.0,0.0,0.0,0.0,0.0,0.0,4.0,0.0,0,0,0,0.0
CASE_00313,0.0,0.0,0.0,1.0,0.0,0.0,1.0,0,0.0,0,0.0,0,0,0,3.0,0,0.0,0.0,0,0,0,0,0.0,0,0,0,0.0,0,0.0,0.0,0.0,0.0,0.0,2.0,0.0,0.0,4.0,0.0,0,0,0,0.0,0,0,1.0,0,0.0,1.0,9.0,0,0,3.0,0.0,0,1.0,0.0,0.0,0,0,0.0,0.0,0.0,0,0.0,0.0,3.0,11.0,0.0,2.0,0.0,0.0,0,0,0,0.0
CASE_00316,0.0,0.0,2.0,0.0,0.0,0.0,6.0,0,0.0,0,0.0,0,0,0,1.0,0,40.0,0.0,0,0,0,0,0.0,0,0,0,0.0,0,0.0,0.0,0.0,0.0,0.0,0.0,0.0,0.0,2.0,0.0,0,0,0,1.0,0,0,8.0,0,0.0,0.0,18.0,0,0,0.0,0.0,0,0.0,0.0,0.0,0,0,9.0,0.0,0.0,0,1.0,0.0,0.0,0.0,0.0,1.0,28.0,0.0,0,0,0,2.0
CASE_00319,0.0,2.0,0.0,0.0,0.0,0.0,0.0,0,0.0,0,0.0,0,0,0,0.0,0,0.0,0.0,0,0,0,0,0.0,0,0,0,0.0,0,0.0,0.0,0.0,0.0,0.0,0.0,0.0,0.0,0.0,0.0,0,0,0,0.0,0,0,0.0,0,0.0,0.0,0.0,0,0,0.0,0.0,0,0.0,0.0,0.0,0,0,0.0,0.0,0.0,0,0.0,0.0,0.0,0.0,0.0,0.0,0.0,0.0,0,0,0,0.0
CASE_00323,4.0,3.0,1.0,2.0,2.0,0.0,8.0,0,0.0,0,0.0,0,0,0,4.0,0,0.0,0.0,0,0,0,0,0.0,0,0,0,0.0,0,0.0,0.0,0.0,1.0,0.0,1.0,0.0,0.0,3.0,0.0,0,0,0,0.0,0,0,0.0,0,0.0,1.0,20.0,0,0,2.0,0.0,0,0.0,0.0,0.0,0,0,0.0,0.0,1.0,0,0.0,0.0,0.0,0.0,0.0,0.0,15.0,0.0,0,0,0,1.0
CASE_00342,0.0,0.0,0.0,0.0,0.0,0.0,0.0,0,0.0,0,0.0,0,0,0,0.0,0,0.0,0.0,0,0,0,0,0.0,0,0,0,0.0,0,0.0,0.0,0.0,0.0,0.0,0.0,0.0,0.0,0.0,0.0,0,0,0,0.0,0,0,0.0,0,0.0,0.0,0.0,0,0,0.0,0.0,0,0.0,0.0,0.0,0,0,0.0,0.0,0.0,0,0.0,0.0,0.0,0.0,2.0,0.0,0.0,0.0,0,0,0,0.0
CASE_00368,0.0,0.0,1.0,0.0,0.0,0.0,0.0,0,0.0,0,0.0,0,0,0,0.0,0,13.0,0.0,0,0,0,0,0.0,0,0,0,0.0,0,0.0,0.0,0.0,0.0,0.0,0.0,0.0,0.0,1.0,0.0,0,0,0,0.0,0,0,0.0,0,0.0,0.0,8.0,0,0,0.0,0.0,0,0.0,1.0,0.0,0,0,14.0,0.0,0.0,0,0.0,0.0,0.0,0.0,0.0,0.0,0.0,0.0,0,0,0,0.0
CASE_00370,0.0,0.0,0.0,0.0,0.0,0.0,0.0,0,0.0,0,0.0,0,0,0,0.0,0,0.0,0.0,0,0,0,0,0.0,0,0,0,0.0,0,0.0,0.0,0.0,0.0,0.0,0.0,0.0,0.0,3.0,0.0,0,0,0,0.0,0,0,0.0,0,0.0,0.0,2.0,0,0,1.0,0.0,0,0.0,0.0,0.0,0,0,0.0,0.0,0.0,0,0.0,0.0,0.0,0.0,0.0,0.0,0.0,0.0,0,0,0,0.0
CASE_00381,0.0,0.0,0.0,0.0,0.0,0.0,0.0,0,0.0,0,0.0,0,0,0,0.0,0,0.0,0.0,0,0,0,0,0.0,0,0,0,0.0,0,0.0,0.0,0.0,0.0,0.0,0.0,0.0,0.0,1.0,0.0,0,0,0,0.0,0,0,0.0,0,0.0,0.0,1.0,0,0,0.0,0.0,0,0.0,0.0,0.0,0,0,0.0,0.0,0.0,0,0.0,0.0,0.0,0.0,0.0,0.0,0.0,0.0,0,0,0,0.0
CASE_00392,0.0,0.0,10.0,17.0,0.0,41.0,0.0,0,1.0,0,0.0,0,0,0,19.0,0,0.0,0.0,0,0,0,0,1.0,0,0,0,0.0,0,0.0,0.0,0.0,0.0,0.0,5.0,0.0,1.0,13.0,0.0,0,0,0,0.0,0,0,0.0,0,0.0,0.0,60.0,0,0,10.0,0.0,0,0.0,0.0,0.0,0,0,0.0,0.0,0.0,0,0.0,0.0,2.0,96.0,0.0,12.0,0.0,0.0,0,0,0,0.0
CASE_00393,0.0,0.0,6.0,0.0,1.0,0.0,0.0,0,0.0,0,0.0,0,0,0,4.0,0,0.0,2.0,0,0,0,0,0.0,0,0,0,0.0,0,0.0,0.0,0.0,0.0,1.0,1.0,0.0,0.0,2.0,0.0,0,0,0,0.0,0,0,0.0,0,0.0,0.0,19.0,0,0,0.0,0.0,0,0.0,0.0,0.0,0,0,0.0,0.0,0.0,0,0.0,0.0,0.0,1.0,0.0,0.0,0.0,0.0,0,0,0,0.0
CASE_00417,0.0,0.0,4.0,15.0,0.0,12.0,1.0,0,1.0,0,0.0,0,0,0,18.0,0,2.0,0.0,0,0,0,0,0.0,0,0,0,0.0,0,0.0,0.0,0.0,0.0,0.0,0.0,1.0,1.0,4.0,0.0,0,0,0,0.0,0,0,0.0,0,0.0,0.0,46.0,0,0,0.0,0.0,0,0.0,0.0,0.0,0,0,0.0,0.0,0.0,0,2.0,0.0,0.0,0.0,0.0,0.0,18.0,0.0,0,0,0,1.0
CASE_00421,0.0,3.0,3.0,0.0,0.0,0.0,0.0,0,0.0,0,1.0,0,0,0,4.0,0,0.0,0.0,0,0,0,0,0.0,0,0,0,0.0,0,0.0,0.0,0.0,0.0,0.0,0.0,0.0,0.0,2.0,0.0,0,0,0,0.0,0,0,0.0,0,0.0,0.0,10.0,0,0,0.0,0.0,0,0.0,0.0,0.0,0,0,8.0,0.0,0.0,0,0.0,0.0,0.0,0.0,0.0,0.0,3.0,0.0,0,0,0,0.0
CASE_00437,0.0,0.0,0.0,0.0,0.0,0.0,0.0,0,0.0,0,0.0,0,0,0,0.0,0,0.0,0.0,0,0,0,0,0.0,0,0,0,0.0,0,0.0,0.0,0.0,0.0,0.0,0.0,0.0,0.0,2.0,0.0,0,0,0,0.0,0,0,0.0,0,0.0,0.0,0.0,0,0,0.0,0.0,0,0.0,0.0,0.0,0,0,0.0,0.0,0.0,0,0.0,0.0,0.0,0.0,0.0,0.0,0.0,0.0,0,0,0,0.0
CASE_00466,0.0,0.0,1.0,0.0,2.0,0.0,0.0,0,0.0,0,0.0,0,0,0,2.0,0,0.0,0.0,0,0,0,0,0.0,0,0,0,0.0,0,0.0,0.0,0.0,0.0,0.0,0.0,0.0,2.0,1.0,0.0,0,0,0,0.0,0,0,0.0,0,0.0,0.0,8.0,0,0,0.0,0.0,0,0.0,0.0,0.0,0,0,0.0,0.0,0.0,0,0.0,0.0,0.0,0.0,0.0,0.0,0.0,0.0,0,0,0,0.0
CASE_00472,0.0,0.0,1.0,0.0,0.0,0.0,0.0,0,0.0,0,0.0,0,0,0,1.0,0,1.0,0.0,0,0,0,0,0.0,0,0,0,0.0,0,0.0,0.0,0.0,0.0,0.0,0.0,0.0,0.0,3.0,0.0,0,0,0,0.0,0,0,0.0,0,0.0,0.0,2.0,0,0,1.0,0.0,0,0.0,0.0,0.0,0,0,0.0,0.0,0.0,0,0.0,0.0,0.0,0.0,0.0,1.0,0.0,0.0,0,0,0,0.0
CASE_00480,0.0,0.0,1.0,7.0,2.0,1.0,0.0,0,0.0,0,0.0,0,0,0,4.0,0,1.0,0.0,0,0,0,0,2.0,0,0,0,0.0,0,0.0,0.0,0.0,0.0,0.0,0.0,0.0,0.0,8.0,0.0,0,0,0,0.0,0,0,0.0,0,0.0,0.0,26.0,0,0,1.0,0.0,0,0.0,0.0,0.0,0,0,0.0,0.0,1.0,0,0.0,0.0,0.0,0.0,0.0,0.0,0.0,0.0,0,0,0,0.0
CASE_00486,1.0,0.0,0.0,0.0,0.0,0.0,0.0,0,0.0,0,0.0,0,0,0,0.0,0,0.0,2.0,0,0,0,0,0.0,0,0,0,0.0,0,0.0,0.0,0.0,0.0,0.0,0.0,0.0,0.0,2.0,0.0,0,0,0,0.0,0,0,0.0,0,0.0,0.0,3.0,0,0,0.0,0.0,0,0.0,0.0,0.0,0,0,0.0,0.0,0.0,0,0.0,0.0,0.0,0.0,0.0,0.0,1.0,0.0,0,0,0,0.0
CASE_00517,1.0,0.0,1.0,0.0,0.0,0.0,0.0,0,0.0,0,0.0,0,0,0,15.0,0,0.0,0.0,0,0,0,0,7.0,0,0,0,2.0,0,0.0,0.0,1.0,0.0,0.0,3.0,0.0,1.0,1.0,0.0,0,0,0,0.0,0,0,0.0,0,2.0,0.0,22.0,0,0,9.0,0.0,0,0.0,3.0,0.0,0,0,0.0,3.0,0.0,0,0.0,0.0,0.0,0.0,0.0,0.0,0.0,0.0,0,0,0,0.0
CASE_00519,0.0,0.0,1.0,0.0,0.0,0.0,0.0,0,0.0,0,0.0,0,0,0,0.0,0,0.0,0.0,0,0,0,0,1.0,0,0,0,0.0,0,0.0,0.0,0.0,0.0,0.0,0.0,0.0,1.0,4.0,0.0,0,0,0,0.0,0,0,0.0,0,0.0,0.0,13.0,0,0,0.0,0.0,0,0.0,0.0,0.0,0,0,0.0,0.0,0.0,0,0.0,0.0,0.0,0.0,0.0,0.0,1.0,0.0,0,0,0,1.0
CASE_00532,0.0,0.0,0.0,0.0,0.0,0.0,0.0,0,0.0,0,0.0,0,0,0,0.0,0,0.0,0.0,0,0,0,0,0.0,0,0,0,0.0,0,0.0,0.0,0.0,0.0,0.0,1.0,0.0,0.0,4.0,0.0,0,0,0,0.0,0,0,0.0,0,0.0,0.0,2.0,0,0,0.0,0.0,0,0.0,0.0,0.0,0,0,0.0,0.0,0.0,0,0.0,0.0,0.0,0.0,0.0,0.0,0.0,0.0,0,0,0,0.0
CASE_00537,0.0,0.0,8.0,1.0,1.0,0.0,0.0,0,0.0,0,0.0,0,0,0,23.0,0,0.0,0.0,0,0,0,0,5.0,0,0,0,0.0,0,0.0,0.0,0.0,0.0,0.0,1.0,0.0,0.0,18.0,0.0,0,0,0,0.0,0,0,0.0,0,0.0,0.0,33.0,0,0,6.0,0.0,0,0.0,0.0,0.0,0,0,0.0,0.0,0.0,0,0.0,0.0,0.0,0.0,0.0,0.0,0.0,0.0,0,0,0,0.0
CASE_00541,0.0,0.0,1.0,0.0,1.0,2.0,0.0,0,0.0,0,0.0,0,0,0,0.0,0,0.0,4.0,0,0,0,0,0.0,0,0,0,0.0,0,0.0,0.0,0.0,0.0,46.0,2.0,0.0,0.0,4.0,0.0,0,0,0,0.0,0,0,0.0,0,0.0,0.0,7.0,0,0,0.0,0.0,0,0.0,0.0,0.0,0,0,0.0,0.0,0.0,0,0.0,0.0,0.0,1.0,0.0,2.0,0.0,0.0,0,0,0,0.0
CASE_00565,0.0,0.0,0.0,0.0,2.0,1.0,0.0,0,0.0,0,0.0,0,0,0,0.0,0,0.0,0.0,0,0,0,0,1.0,0,0,0,0.0,0,0.0,0.0,0.0,0.0,0.0,1.0,0.0,0.0,0.0,30.0,0,0,0,0.0,0,0,0.0,0,0.0,1.0,7.0,0,0,4.0,0.0,0,0.0,0.0,0.0,0,0,0.0,0.0,0.0,0,0.0,0.0,0.0,0.0,0.0,1.0,2.0,0.0,0,0,0,0.0
CASE_00577,0.0,0.0,0.0,13.0,0.0,0.0,7.0,0,0.0,0,0.0,0,0,0,14.0,0,0.0,0.0,0,0,0,0,0.0,0,0,0,0.0,0,0.0,0.0,0.0,0.0,0.0,0.0,0.0,1.0,10.0,0.0,0,0,0,0.0,0,0,0.0,0,0.0,0.0,21.0,0,0,7.0,0.0,0,0.0,0.0,0.0,0,0,0.0,0.0,0.0,0,1.0,0.0,0.0,0.0,0.0,0.0,3.0,0.0,0,0,0,0.0
CASE_00625,0.0,0.0,0.0,0.0,0.0,5.0,0.0,0,0.0,0,0.0,0,0,0,0.0,0,0.0,0.0,0,0,0,0,0.0,0,0,0,0.0,0,0.0,0.0,0.0,0.0,0.0,0.0,0.0,0.0,0.0,0.0,0,0,0,0.0,0,0,0.0,0,0.0,0.0,9.0,0,0,6.0,0.0,0,0.0,0.0,0.0,0,0,4.0,0.0,0.0,0,0.0,0.0,0.0,2.0,0.0,2.0,0.0,0.0,0,0,0,0.0
CASE_00629,1.0,0.0,1.0,11.0,0.0,0.0,0.0,0,0.0,0,0.0,0,0,0,4.0,0,0.0,0.0,0,0,0,0,0.0,0,0,0,0.0,0,0.0,0.0,0.0,0.0,0.0,0.0,0.0,0.0,3.0,0.0,0,0,0,0.0,0,0,2.0,0,0.0,0.0,12.0,0,0,9.0,0.0,0,0.0,0.0,0.0,0,0,0.0,5.0,0.0,0,0.0,0.0,0.0,0.0,0.0,0.0,1.0,0.0,0,0,0,0.0
CASE_00657,0.0,1.0,0.0,0.0,0.0,0.0,7.0,0,0.0,0,0.0,0,0,0,0.0,0,1.0,0.0,0,0,0,0,0.0,0,0,0,0.0,0,0.0,0.0,0.0,0.0,1.0,0.0,0.0,0.0,2.0,0.0,0,0,0,0.0,0,0,0.0,0,0.0,0.0,12.0,0,0,0.0,0.0,0,0.0,0.0,0.0,0,0,0.0,0.0,0.0,0,0.0,0.0,0.0,1.0,0.0,0.0,5.0,0.0,0,0,0,1.0
CASE_00668,0.0,0.0,2.0,20.0,0.0,14.0,0.0,0,0.0,0,0.0,0,0,0,8.0,0,0.0,0.0,0,0,0,0,0.0,0,0,0,0.0,0,0.0,0.0,1.0,0.0,0.0,6.0,0.0,0.0,19.0,0.0,0,0,0,0.0,0,0,0.0,0,0.0,0.0,52.0,0,0,2.0,0.0,0,0.0,0.0,0.0,0,0,0.0,0.0,0.0,0,0.0,0.0,0.0,44.0,6.0,0.0,0.0,0.0,0,0,0,0.0
CASE_00671,0.0,0.0,3.0,0.0,0.0,0.0,0.0,0,0.0,0,0.0,0,0,0,1.0,0,0.0,30.0,0,0,0,0,0.0,0,0,0,0.0,0,0.0,0.0,0.0,0.0,0.0,0.0,0.0,0.0,1.0,0.0,0,0,0,0.0,0,0,0.0,0,0.0,0.0,7.0,0,0,1.0,0.0,0,0.0,0.0,0.0,0,0,0.0,7.0,0.0,0,0.0,0.0,0.0,0.0,0.0,0.0,0.0,0.0,0,0,0,0.0
CASE_00672,0.0,10.0,9.0,0.0,0.0,43.0,0.0,0,0.0,0,1.0,0,0,0,4.0,0,0.0,2.0,0,0,0,0,0.0,0,0,0,0.0,0,0.0,0.0,0.0,0.0,0.0,2.0,0.0,3.0,5.0,0.0,0,0,0,0.0,0,0,0.0,0,0.0,0.0,33.0,0,0,0.0,0.0,0,0.0,0.0,0.0,0,0,0.0,1.0,1.0,0,0.0,0.0,0.0,50.0,0.0,9.0,11.0,0.0,0,0,0,0.0
CASE_00693,0.0,0.0,0.0,0.0,0.0,0.0,2.0,0,0.0,0,10.0,0,0,0,4.0,0,0.0,6.0,0,0,0,0,0.0,0,0,0,0.0,0,0.0,0.0,0.0,0.0,0.0,0.0,0.0,0.0,4.0,0.0,0,0,0,0.0,0,0,0.0,0,0.0,0.0,3.0,0,0,0.0,0.0,0,0.0,0.0,0.0,0,0,0.0,0.0,0.0,0,0.0,0.0,0.0,0.0,0.0,0.0,1.0,0.0,0,0,0,0.0
CASE_00712,0.0,0.0,2.0,0.0,0.0,0.0,0.0,0,0.0,0,0.0,0,0,0,3.0,0,1.0,0.0,0,0,0,0,1.0,0,0,0,0.0,0,1.0,0.0,0.0,0.0,0.0,0.0,0.0,1.0,2.0,0.0,0,0,0,0.0,0,0,0.0,0,0.0,0.0,31.0,0,0,4.0,0.0,0,0.0,0.0,0.0,0,0,0.0,0.0,0.0,0,0.0,0.0,0.0,1.0,0.0,0.0,0.0,0.0,0,0,0,0.0
CASE_00721,0.0,0.0,3.0,3.0,0.0,0.0,1.0,0,0.0,0,0.0,0,0,0,3.0,0,0.0,0.0,0,0,0,0,0.0,0,0,0,0.0,0,0.0,0.0,0.0,0.0,0.0,0.0,0.0,0.0,6.0,0.0,0,0,0,0.0,0,0,0.0,0,0.0,0.0,6.0,0,0,0.0,0.0,0,0.0,0.0,0.0,0,0,0.0,1.0,1.0,0,0.0,0.0,0.0,0.0,0.0,0.0,11.0,0.0,0,0,0,4.0
CASE_00730,0.0,0.0,0.0,0.0,0.0,0.0,0.0,0,0.0,0,0.0,0,0,0,0.0,0,0.0,0.0,0,0,0,0,0.0,0,0,0,0.0,0,0.0,0.0,0.0,0.0,0.0,0.0,0.0,0.0,3.0,0.0,0,0,0,0.0,0,0,0.0,0,0.0,0.0,1.0,0,0,1.0,0.0,0,0.0,0.0,0.0,0,0,0.0,0.0,0.0,0,0.0,0.0,0.0,0.0,0.0,0.0,0.0,0.0,0,0,0,0.0
CASE_00775,0.0,0.0,0.0,0.0,0.0,0.0,0.0,0,0.0,0,0.0,0,0,0,3.0,0,0.0,0.0,0,0,0,0,0.0,0,0,0,0.0,0,0.0,0.0,0.0,0.0,0.0,1.0,0.0,0.0,1.0,0.0,0,0,0,0.0,0,0,0.0,0,0.0,0.0,8.0,0,0,1.0,0.0,0,0.0,0.0,0.0,0,0,0.0,0.0,0.0,0,0.0,0.0,0.0,1.0,0.0,0.0,1.0,0.0,0,0,0,0.0
CASE_00779,0.0,0.0,1.0,0.0,1.0,65.0,0.0,0,0.0,0,0.0,0,0,0,1.0,0,0.0,14.0,0,0,0,0,1.0,0,0,0,0.0,0,0.0,0.0,0.0,0.0,1.0,2.0,0.0,0.0,3.0,2.0,0,0,0,0.0,0,0,2.0,0,0.0,1.0,13.0,0,0,2.0,0.0,0,0.0,0.0,0.0,0,0,66.0,0.0,0.0,0,0.0,0.0,0.0,31.0,0.0,2.0,0.0,0.0,0,0,0,0.0
CASE_00801,0.0,0.0,5.0,0.0,0.0,0.0,0.0,0,0.0,0,0.0,0,0,0,0.0,0,0.0,0.0,0,0,0,0,0.0,0,0,0,0.0,0,0.0,0.0,0.0,0.0,0.0,0.0,0.0,0.0,2.0,0.0,0,0,0,0.0,0,0,0.0,0,0.0,0.0,5.0,0,0,0.0,0.0,0,0.0,0.0,0.0,0,0,0.0,0.0,0.0,0,0.0,0.0,0.0,0.0,0.0,0.0,0.0,0.0,0,0,0,0.0
CASE_00818,0.0,1.0,1.0,0.0,0.0,21.0,0.0,0,0.0,0,0.0,0,0,0,7.0,0,0.0,0.0,0,0,0,0,0.0,0,0,0,0.0,0,0.0,0.0,0.0,0.0,0.0,2.0,0.0,0.0,9.0,0.0,0,0,0,0.0,0,0,0.0,0,0.0,0.0,4.0,0,0,0.0,0.0,0,0.0,0.0,0.0,0,0,6.0,0.0,0.0,0,0.0,0.0,0.0,17.0,0.0,0.0,0.0,0.0,0,0,0,0.0
CASE_00853,0.0,0.0,0.0,0.0,0.0,0.0,0.0,0,0.0,0,0.0,0,0,0,8.0,0,0.0,0.0,0,0,0,0,0.0,0,0,0,0.0,0,0.0,0.0,0.0,0.0,0.0,0.0,0.0,0.0,1.0,0.0,0,0,0,0.0,0,0,0.0,0,0.0,0.0,3.0,0,0,0.0,0.0,0,0.0,0.0,0.0,0,0,0.0,0.0,0.0,0,0.0,0.0,0.0,0.0,0.0,0.0,0.0,0.0,0,0,0,0.0
CASE_00856,0.0,0.0,0.0,0.0,0.0,0.0,0.0,0,0.0,0,0.0,0,0,0,8.0,0,0.0,0.0,0,0,0,0,0.0,0,0,0,0.0,0,0.0,0.0,0.0,0.0,0.0,0.0,0.0,0.0,1.0,0.0,0,0,0,0.0,0,0,0.0,0,0.0,0.0,3.0,0,0,0.0,0.0,0,0.0,0.0,0.0,0,0,0.0,0.0,0.0,0,0.0,0.0,0.0,0.0,0.0,0.0,0.0,0.0,0,0,0,0.0
CASE_00875,0.0,0.0,3.0,0.0,0.0,15.0,0.0,0,0.0,0,0.0,0,0,0,6.0,0,0.0,0.0,0,0,0,0,0.0,0,0,0,0.0,0,0.0,0.0,0.0,0.0,0.0,0.0,0.0,1.0,4.0,0.0,0,0,0,0.0,0,0,0.0,0,0.0,0.0,13.0,0,0,0.0,0.0,0,0.0,0.0,0.0,0,0,0.0,0.0,0.0,0,0.0,0.0,0.0,5.0,0.0,2.0,0.0,0.0,0,0,0,0.0
CASE_00877,0.0,2.0,0.0,5.0,0.0,0.0,6.0,0,0.0,0,0.0,0,0,0,1.0,0,0.0,0.0,0,0,0,0,2.0,0,0,0,0.0,0,0.0,0.0,0.0,0.0,0.0,0.0,0.0,0.0,7.0,0.0,0,0,0,0.0,0,0,0.0,0,0.0,0.0,7.0,0,0,0.0,0.0,0,0.0,0.0,1.0,0,0,0.0,0.0,0.0,0,0.0,0.0,0.0,0.0,0.0,0.0,7.0,0.0,0,0,0,0.0
NEG_00000,0.0,0.0,0.0,0.0,0.0,0.0,0.0,0,0.0,0,0.0,0,0,0,0.0,0,0.0,0.0,0,0,0,0,0.0,0,0,0,0.0,0,0.0,0.0,0.0,0.0,0.0,0.0,0.0,0.0,0.0,0.0,0,0,0,0.0,0,0,0.0,0,0.0,0.0,2.0,0,0,0.0,0.0,0,0.0,0.0,0.0,0,0,0.0,0.0,0.0,0,0.0,0.0,0.0,0.0,0.0,0.0,0.0,0.0,0,0,0,0.0
NEG_00001,0.0,0.0,1.0,0.0,0.0,1.0,0.0,0,0.0,0,0.0,0,0,0,1.0,0,0.0,0.0,0,0,0,0,0.0,0,0,0,0.0,0,0.0,0.0,0.0,0.0,0.0,0.0,0.0,0.0,1.0,0.0,0,0,0,0.0,0,0,0.0,0,0.0,0.0,2.0,0,0,0.0,0.0,0,0.0,0.0,0.0,0,0,0.0,0.0,0.0,0,0.0,0.0,0.0,0.0,0.0,0.0,0.0,0.0,0,0,0,0.0
NEG_00002,0.0,0.0,0.0,0.0,0.0,0.0,0.0,0,0.0,0,0.0,0,0,0,1.0,0,0.0,0.0,0,0,0,0,0.0,0,0,0,0.0,0,0.0,0.0,0.0,0.0,0.0,0.0,0.0,0.0,0.0,0.0,0,0,0,0.0,0,0,0.0,0,0.0,0.0,2.0,0,0,0.0,0.0,0,0.0,0.0,0.0,0,0,0.0,0.0,0.0,0,0.0,0.0,0.0,0.0,0.0,0.0,0.0,0.0,0,0,0,0.0
NEG_00003,0.0,0.0,0.0,0.0,0.0,0.0,0.0,0,0.0,0,0.0,0,0,0,0.0,0,0.0,0.0,0,0,0,0,0.0,0,0,0,0.0,0,0.0,0.0,0.0,0.0,0.0,0.0,0.0,0.0,1.0,0.0,0,0,0,0.0,0,0,0.0,0,0.0,0.0,3.0,0,0,0.0,0.0,0,0.0,0.0,0.0,0,0,0.0,0.0,0.0,0,0.0,0.0,0.0,0.0,0.0,0.0,0.0,0.0,0,0,0,0.0
NEG_00004,0.0,0.0,0.0,0.0,0.0,0.0,1.0,0,0.0,0,0.0,0,0,0,0.0,0,0.0,0.0,0,0,0,0,0.0,0,0,0,0.0,0,0.0,0.0,0.0,0.0,0.0,0.0,0.0,0.0,0.0,0.0,0,0,0,0.0,0,0,0.0,0,0.0,0.0,2.0,0,0,0.0,0.0,0,0.0,0.0,0.0,0,0,0.0,0.0,0.0,0,0.0,0.0,0.0,0.0,0.0,0.0,0.0,0.0,0,0,0,0.0
NEG_00005,0.0,1.0,0.0,0.0,0.0,0.0,0.0,0,0.0,0,0.0,0,0,0,0.0,0,0.0,0.0,0,0,0,0,0.0,0,0,0,0.0,0,0.0,0.0,0.0,0.0,0.0,0.0,0.0,0.0,0.0,0.0,0,0,0,0.0,0,0,0.0,0,0.0,1.0,1.0,0,0,0.0,0.0,0,0.0,0.0,0.0,0,0,0.0,0.0,0.0,0,0.0,0.0,0.0,0.0,0.0,0.0,0.0,0.0,0,0,0,0.0
NEG_00006,0.0,0.0,0.0,0.0,0.0,0.0,0.0,0,0.0,0,0.0,0,0,0,0.0,0,0.0,0.0,0,0,0,0,0.0,0,0,0,0.0,0,0.0,0.0,0.0,0.0,0.0,0.0,0.0,0.0,0.0,0.0,0,0,0,0.0,0,0,0.0,0,0.0,0.0,1.0,0,0,0.0,0.0,0,0.0,0.0,0.0,0,0,0.0,0.0,0.0,0,0.0,0.0,0.0,0.0,0.0,0.0,0.0,0.0,0,0,0,0.0
NEG_00007,0.0,0.0,0.0,0.0,0.0,1.0,0.0,0,0.0,0,0.0,0,0,0,0.0,0,0.0,0.0,0,0,0,0,0.0,0,0,0,0.0,0,0.0,0.0,0.0,0.0,0.0,0.0,0.0,0.0,0.0,0.0,0,0,0,0.0,0,0,0.0,0,0.0,0.0,4.0,0,0,0.0,0.0,0,0.0,0.0,0.0,0,0,0.0,0.0,0.0,0,0.0,0.0,0.0,0.0,0.0,0.0,0.0,0.0,0,0,0,0.0
NEG_00008,0.0,0.0,0.0,0.0,0.0,1.0,0.0,0,0.0,0,0.0,0,0,0,0.0,0,0.0,0.0,0,0,0,0,0.0,0,0,0,0.0,0,0.0,0.0,0.0,0.0,0.0,0.0,0.0,0.0,0.0,0.0,0,0,0,0.0,0,0,0.0,0,0.0,0.0,4.0,0,0,0.0,0.0,0,0.0,0.0,0.0,0,0,0.0,0.0,0.0,0,0.0,0.0,0.0,0.0,0.0,0.0,0.0,0.0,0,0,0,0.0
NEG_00009,0.0,0.0,0.0,0.0,0.0,1.0,0.0,0,0.0,0,0.0,0,0,0,0.0,0,0.0,0.0,0,0,0,0,0.0,0,0,0,0.0,0,0.0,0.0,0.0,0.0,0.0,0.0,0.0,0.0,0.0,0.0,0,0,0,0.0,0,0,0.0,0,0.0,0.0,4.0,0,0,0.0,0.0,0,0.0,0.0,0.0,0,0,0.0,0.0,0.0,0,0.0,0.0,0.0,0.0,0.0,0.0,0.0,0.0,0,0,0,0.0
NEG_00010,0.0,0.0,0.0,0.0,0.0,1.0,0.0,0,0.0,0,0.0,0,0,0,0.0,0,0.0,0.0,0,0,0,0,0.0,0,0,0,0.0,0,0.0,0.0,0.0,0.0,0.0,0.0,0.0,0.0,0.0,0.0,0,0,0,0.0,0,0,0.0,0,0.0,0.0,4.0,0,0,0.0,0.0,0,0.0,0.0,0.0,0,0,0.0,0.0,0.0,0,0.0,0.0,0.0,0.0,0.0,0.0,0.0,0.0,0,0,0,0.0
NEG_00011,0.0,0.0,0.0,0.0,0.0,1.0,0.0,0,0.0,0,0.0,0,0,0,0.0,0,0.0,0.0,0,0,0,0,0.0,0,0,0,0.0,0,0.0,0.0,0.0,0.0,0.0,0.0,0.0,0.0,0.0,0.0,0,0,0,0.0,0,0,0.0,0,0.0,0.0,4.0,0,0,0.0,0.0,0,0.0,0.0,0.0,0,0,0.0,0.0,0.0,0,0.0,0.0,0.0,0.0,0.0,0.0,0.0,0.0,0,0,0,0.0
NEG_00012,0.0,0.0,1.0,0.0,0.0,1.0,0.0,0,0.0,0,0.0,0,0,0,0.0,0,0.0,0.0,0,0,0,0,0.0,0,0,0,0.0,0,0.0,0.0,0.0,0.0,0.0,0.0,0.0,0.0,0.0,0.0,0,0,0,1.0,0,0,0.0,0,0.0,0.0,6.0,0,0,0.0,0.0,0,0.0,0.0,0.0,0,0,0.0,0.0,0.0,0,0.0,0.0,0.0,0.0,0.0,1.0,0.0,0.0,0,0,0,0.0
NEG_00013,0.0,1.0,0.0,0.0,0.0,0.0,0.0,0,0.0,0,0.0,0,0,0,0.0,0,0.0,0.0,0,0,0,0,0.0,0,0,0,0.0,0,0.0,0.0,0.0,0.0,0.0,0.0,0.0,0.0,0.0,0.0,0,0,0,0.0,0,0,0.0,0,0.0,0.0,1.0,0,0,0.0,0.0,0,0.0,0.0,0.0,0,0,0.0,0.0,0.0,0,0.0,0.0,0.0,0.0,0.0,0.0,0.0,0.0,0,0,0,0.0
NEG_00014,0.0,0.0,0.0,0.0,0.0,0.0,0.0,0,0.0,0,0.0,0,0,0,0.0,0,0.0,0.0,0,0,0,0,0.0,0,0,0,0.0,0,0.0,0.0,0.0,0.0,0.0,0.0,0.0,0.0,0.0,0.0,0,0,0,0.0,0,0,0.0,0,0.0,0.0,3.0,0,0,0.0,0.0,0,0.0,0.0,0.0,0,0,0.0,0.0,0.0,0,0.0,0.0,0.0,0.0,0.0,0.0,0.0,0.0,0,0,0,0.0
NEG_00015,0.0,0.0,0.0,0.0,0.0,0.0,0.0,0,0.0,0,0.0,0,0,0,0.0,0,0.0,0.0,0,0,0,0,0.0,0,0,0,0.0,0,0.0,0.0,0.0,0.0,0.0,0.0,0.0,0.0,0.0,0.0,0,0,0,0.0,0,0,0.0,0,0.0,0.0,3.0,0,0,0.0,0.0,0,0.0,0.0,0.0,0,0,0.0,0.0,0.0,0,0.0,0.0,0.0,0.0,0.0,0.0,0.0,0.0,0,0,0,0.0
NEG_00016,0.0,0.0,0.0,0.0,0.0,3.0,0.0,0,0.0,0,0.0,0,0,0,0.0,0,0.0,0.0,0,0,0,0,0.0,0,0,0,0.0,0,0.0,4.0,0.0,0.0,0.0,0.0,0.0,0.0,0.0,0.0,0,0,0,0.0,0,0,0.0,0,0.0,0.0,2.0,0,0,0.0,0.0,0,0.0,0.0,0.0,0,0,0.0,0.0,0.0,0,0.0,0.0,0.0,4.0,0.0,0.0,0.0,0.0,0,0,0,0.0
NEG_00017,0.0,0.0,0.0,0.0,0.0,0.0,0.0,0,0.0,0,0.0,0,0,0,0.0,0,0.0,2.0,0,0,0,0,0.0,0,0,0,0.0,0,0.0,0.0,0.0,0.0,0.0,0.0,0.0,0.0,0.0,0.0,0,0,0,0.0,0,0,0.0,0,0.0,0.0,2.0,0,0,0.0,0.0,0,0.0,0.0,0.0,0,0,0.0,0.0,0.0,0,0.0,0.0,0.0,0.0,0.0,0.0,0.0,0.0,0,0,0,0.0
NEG_00018,0.0,0.0,1.0,0.0,0.0,1.0,0.0,0,0.0,0,0.0,0,0,0,0.0,0,0.0,0.0,0,0,0,0,0.0,0,0,0,0.0,0,0.0,0.0,0.0,0.0,0.0,0.0,0.0,0.0,0.0,0.0,0,0,0,0.0,0,0,0.0,0,0.0,0.0,1.0,0,0,0.0,0.0,0,0.0,0.0,0.0,0,0,0.0,0.0,0.0,0,0.0,0.0,0.0,2.0,0.0,0.0,0.0,0.0,0,0,0,0.0
NEG_00019,0.0,0.0,0.0,0.0,0.0,1.0,0.0,0,0.0,0,0.0,0,0,0,0.0,0,0.0,0.0,0,0,0,0,0.0,0,0,0,0.0,0,0.0,0.0,0.0,0.0,0.0,0.0,0.0,0.0,0.0,0.0,0,0,0,0.0,0,0,0.0,0,0.0,0.0,0.0,0,0,0.0,0.0,0,0.0,0.0,0.0,0,0,0.0,0.0,0.0,0,0.0,0.0,0.0,0.0,0.0,0.0,0.0,0.0,0,0,0,0.0
NEG_00020,0.0,0.0,0.0,0.0,0.0,0.0,0.0,0,0.0,0,0.0,0,0,0,0.0,0,0.0,0.0,0,0,0,0,0.0,0,0,0,0.0,0,0.0,0.0,0.0,0.0,0.0,0.0,0.0,0.0,1.0,0.0,0,0,0,0.0,0,0,0.0,0,0.0,0.0,4.0,0,0,0.0,0.0,0,0.0,0.0,0.0,0,0,0.0,0.0,0.0,0,0.0,0.0,0.0,0.0,0.0,0.0,0.0,0.0,0,0,0,0.0
NEG_00021,0.0,0.0,0.0,0.0,0.0,0.0,0.0,0,0.0,0,0.0,0,0,0,0.0,0,0.0,0.0,0,0,0,0,0.0,0,0,0,0.0,0,0.0,0.0,0.0,0.0,0.0,0.0,0.0,0.0,0.0,0.0,0,0,0,0.0,0,0,0.0,0,0.0,0.0,1.0,0,0,0.0,0.0,0,0.0,0.0,0.0,0,0,0.0,0.0,0.0,0,0.0,0.0,0.0,0.0,0.0,0.0,0.0,0.0,0,0,0,0.0
NEG_00022,0.0,0.0,0.0,0.0,0.0,0.0,0.0,0,0.0,0,0.0,0,0,0,0.0,0,0.0,0.0,0,0,0,0,0.0,0,0,0,0.0,0,0.0,0.0,0.0,0.0,0.0,0.0,0.0,0.0,0.0,0.0,0,0,0,0.0,0,0,0.0,0,0.0,0.0,1.0,0,0,0.0,0.0,0,0.0,0.0,0.0,0,0,0.0,0.0,0.0,0,0.0,0.0,0.0,0.0,0.0,0.0,0.0,0.0,0,0,0,0.0
NEG_00023,0.0,0.0,0.0,0.0,0.0,0.0,0.0,0,0.0,0,0.0,0,0,0,0.0,0,0.0,0.0,0,0,0,0,0.0,0,0,0,0.0,0,0.0,0.0,0.0,0.0,0.0,0.0,0.0,0.0,0.0,0.0,0,0,0,0.0,0,0,0.0,0,0.0,0.0,1.0,0,0,0.0,0.0,0,0.0,0.0,0.0,0,0,0.0,0.0,0.0,0,0.0,0.0,0.0,0.0,0.0,0.0,0.0,0.0,0,0,0,0.0
NEG_00024,0.0,0.0,0.0,0.0,0.0,0.0,0.0,0,0.0,0,0.0,0,0,0,0.0,0,0.0,0.0,0,0,0,0,0.0,0,0,0,0.0,0,0.0,0.0,0.0,0.0,0.0,0.0,0.0,0.0,0.0,0.0,0,0,0,0.0,0,0,0.0,0,0.0,0.0,1.0,0,0,0.0,0.0,0,0.0,0.0,0.0,0,0,0.0,0.0,0.0,0,0.0,0.0,0.0,0.0,0.0,0.0,0.0,0.0,0,0,0,0.0
NEG_00025,0.0,0.0,0.0,0.0,0.0,0.0,0.0,0,0.0,0,0.0,0,0,0,2.0,0,0.0,0.0,0,0,0,0,0.0,0,0,0,0.0,0,0.0,0.0,0.0,0.0,0.0,0.0,0.0,0.0,0.0,0.0,0,0,0,0.0,0,0,0.0,0,0.0,0.0,2.0,0,0,0.0,0.0,0,0.0,0.0,0.0,0,0,0.0,0.0,0.0,0,0.0,0.0,0.0,0.0,0.0,0.0,0.0,0.0,0,0,0,0.0
NEG_00026,0.0,0.0,0.0,0.0,0.0,0.0,0.0,0,0.0,0,0.0,0,0,0,0.0,0,0.0,0.0,0,0,0,0,0.0,0,0,0,0.0,0,0.0,0.0,0.0,0.0,0.0,0.0,0.0,0.0,0.0,0.0,0,0,0,0.0,0,0,0.0,0,0.0,0.0,3.0,0,0,0.0,0.0,0,0.0,0.0,0.0,0,0,0.0,0.0,0.0,0,0.0,0.0,0.0,0.0,0.0,0.0,0.0,0.0,0,0,0,0.0
NEG_00027,0.0,0.0,0.0,0.0,0.0,0.0,0.0,0,0.0,0,0.0,0,0,0,0.0,0,0.0,0.0,0,0,0,0,0.0,0,0,0,0.0,0,0.0,0.0,0.0,0.0,0.0,0.0,0.0,0.0,0.0,0.0,0,0,0,0.0,0,0,0.0,0,0.0,0.0,3.0,0,0,0.0,0.0,0,0.0,0.0,0.0,0,0,0.0,0.0,0.0,0,0.0,0.0,0.0,0.0,0.0,0.0,0.0,0.0,0,0,0,0.0
NEG_00028,0.0,0.0,0.0,0.0,0.0,0.0,0.0,0,0.0,0,0.0,0,0,0,0.0,0,0.0,0.0,0,0,0,0,0.0,0,0,0,0.0,0,0.0,0.0,0.0,0.0,0.0,0.0,0.0,0.0,0.0,0.0,0,0,0,0.0,0,0,0.0,0,0.0,0.0,3.0,0,0,0.0,0.0,0,0.0,0.0,0.0,0,0,0.0,0.0,0.0,0,0.0,0.0,0.0,0.0,0.0,0.0,0.0,0.0,0,0,0,0.0
NEG_00029,0.0,0.0,0.0,0.0,0.0,0.0,0.0,0,0.0,0,0.0,0,0,0,0.0,0,0.0,0.0,0,0,0,0,0.0,0,0,0,0.0,0,0.0,0.0,0.0,0.0,0.0,0.0,0.0,0.0,0.0,0.0,0,0,0,0.0,0,0,0.0,0,0.0,0.0,1.0,0,0,0.0,0.0,0,0.0,0.0,0.0,0,0,0.0,0.0,0.0,0,0.0,0.0,0.0,0.0,0.0,0.0,0.0,0.0,0,0,0,0.0
NEG_00030,0.0,0.0,0.0,0.0,0.0,0.0,0.0,0,0.0,0,0.0,0,0,0,0.0,0,0.0,0.0,0,0,0,0,0.0,0,0,0,0.0,0,0.0,0.0,0.0,0.0,0.0,0.0,0.0,0.0,0.0,0.0,0,0,0,0.0,0,0,0.0,0,0.0,0.0,1.0,0,0,0.0,0.0,0,0.0,0.0,0.0,0,0,0.0,0.0,0.0,0,0.0,0.0,0.0,0.0,0.0,0.0,0.0,0.0,0,0,0,0.0
NEG_00031,0.0,0.0,0.0,0.0,0.0,0.0,0.0,0,0.0,0,0.0,0,0,0,0.0,0,0.0,0.0,0,0,0,0,0.0,0,0,0,0.0,0,0.0,0.0,0.0,0.0,0.0,0.0,0.0,0.0,0.0,0.0,0,0,0,0.0,0,0,0.0,0,0.0,0.0,1.0,0,0,0.0,0.0,0,0.0,0.0,0.0,0,0,0.0,0.0,0.0,0,0.0,0.0,0.0,0.0,0.0,0.0,0.0,0.0,0,0,0,0.0
NEG_00032,0.0,0.0,0.0,0.0,0.0,0.0,0.0,0,0.0,0,0.0,0,0,0,0.0,0,0.0,2.0,0,0,0,0,1.0,0,0,0,0.0,0,0.0,0.0,0.0,0.0,0.0,0.0,0.0,0.0,0.0,0.0,0,0,0,0.0,0,0,0.0,0,0.0,0.0,3.0,0,0,0.0,0.0,0,0.0,0.0,0.0,0,0,0.0,0.0,0.0,0,0.0,0.0,0.0,0.0,0.0,0.0,0.0,0.0,0,0,0,0.0
NEG_00033,0.0,0.0,0.0,0.0,0.0,0.0,0.0,0,0.0,0,0.0,0,0,0,0.0,0,0.0,0.0,0,0,0,0,0.0,0,0,0,0.0,0,0.0,0.0,0.0,0.0,0.0,0.0,0.0,0.0,0.0,0.0,0,0,0,0.0,0,0,0.0,0,0.0,0.0,1.0,0,0,0.0,0.0,0,0.0,0.0,0.0,0,0,0.0,0.0,0.0,0,0.0,0.0,0.0,0.0,0.0,0.0,0.0,0.0,0,0,0,0.0
NEG_00034,0.0,0.0,1.0,0.0,0.0,0.0,0.0,0,0.0,0,0.0,0,0,0,0.0,0,0.0,2.0,0,0,0,0,0.0,0,0,0,0.0,0,0.0,0.0,0.0,0.0,0.0,0.0,0.0,0.0,0.0,0.0,0,0,0,0.0,0,0,0.0,0,0.0,0.0,1.0,0,0,0.0,0.0,0,0.0,0.0,0.0,0,0,2.0,0.0,0.0,0,0.0,0.0,0.0,0.0,0.0,0.0,1.0,0.0,0,0,0,0.0
NEG_00035,0.0,0.0,0.0,0.0,0.0,0.0,0.0,0,0.0,0,0.0,0,0,0,0.0,0,0.0,0.0,0,0,0,0,0.0,0,0,0,0.0,0,0.0,0.0,0.0,0.0,0.0,0.0,0.0,0.0,0.0,0.0,0,0,0,0.0,0,0,0.0,0,0.0,0.0,1.0,0,0,0.0,0.0,0,0.0,0.0,0.0,0,0,0.0,0.0,0.0,0,0.0,0.0,0.0,0.0,0.0,0.0,0.0,0.0,0,0,0,0.0
NEG_00036,0.0,0.0,0.0,0.0,0.0,0.0,0.0,0,0.0,0,0.0,0,0,0,1.0,0,0.0,0.0,0,0,0,0,0.0,0,0,0,0.0,0,0.0,0.0,0.0,0.0,0.0,0.0,0.0,0.0,0.0,0.0,0,0,0,0.0,0,0,0.0,0,0.0,0.0,1.0,0,0,0.0,0.0,0,0.0,0.0,0.0,0,0,0.0,0.0,0.0,0,0.0,0.0,0.0,0.0,0.0,0.0,0.0,0.0,0,0,0,0.0
NEG_00037,0.0,0.0,0.0,0.0,0.0,0.0,0.0,0,0.0,0,0.0,0,0,0,1.0,0,0.0,0.0,0,0,0,0,0.0,0,0,0,0.0,0,0.0,0.0,0.0,0.0,0.0,0.0,0.0,0.0,0.0,0.0,0,0,0,0.0,0,0,0.0,0,0.0,0.0,1.0,0,0,0.0,0.0,0,0.0,0.0,0.0,0,0,0.0,0.0,0.0,0,0.0,0.0,0.0,1.0,0.0,0.0,0.0,0.0,0,0,0,0.0
NEG_00038,0.0,0.0,0.0,0.0,0.0,0.0,0.0,0,0.0,0,0.0,0,0,0,0.0,0,0.0,0.0,0,0,0,0,0.0,0,0,0,0.0,0,0.0,0.0,0.0,0.0,0.0,0.0,0.0,0.0,0.0,0.0,0,0,0,0.0,0,0,0.0,0,0.0,0.0,1.0,0,0,0.0,0.0,0,0.0,0.0,0.0,0,0,0.0,0.0,0.0,0,0.0,0.0,0.0,0.0,0.0,0.0,0.0,0.0,0,0,0,0.0
NEG_00039,0.0,1.0,1.0,0.0,0.0,0.0,0.0,0,0.0,0,0.0,0,0,0,0.0,0,0.0,0.0,0,0,0,0,0.0,0,0,0,0.0,0,0.0,0.0,0.0,0.0,0.0,0.0,0.0,0.0,0.0,0.0,0,0,0,0.0,0,0,0.0,0,0.0,0.0,1.0,0,0,0.0,0.0,0,0.0,0.0,0.0,0,0,0.0,0.0,0.0,0,0.0,0.0,0.0,0.0,0.0,0.0,0.0,0.0,0,0,0,0.0
NEG_00040,0.0,0.0,0.0,0.0,0.0,0.0,0.0,0,0.0,0,0.0,0,0,0,1.0,0,0.0,4.0,0,0,0,0,0.0,0,0,0,0.0,0,0.0,0.0,0.0,0.0,0.0,0.0,0.0,0.0,0.0,0.0,0,0,0,0.0,0,0,0.0,0,0.0,0.0,3.0,0,0,0.0,0.0,0,0.0,0.0,0.0,0,0,0.0,0.0,0.0,0,0.0,0.0,0.0,0.0,0.0,0.0,0.0,0.0,0,0,0,0.0
NEG_00041,0.0,0.0,0.0,0.0,0.0,0.0,0.0,0,0.0,0,0.0,0,0,0,0.0,0,0.0,0.0,0,0,0,0,0.0,0,0,0,0.0,0,0.0,0.0,0.0,0.0,0.0,0.0,0.0,0.0,0.0,0.0,0,0,0,0.0,0,0,0.0,0,0.0,0.0,1.0,0,0,0.0,0.0,0,0.0,0.0,0.0,0,0,0.0,0.0,0.0,0,0.0,0.0,0.0,0.0,0.0,0.0,0.0,0.0,0,0,0,0.0
NEG_00042,0.0,0.0,0.0,0.0,0.0,0.0,0.0,0,0.0,0,0.0,0,0,0,0.0,0,0.0,0.0,0,0,0,0,0.0,0,0,0,0.0,0,0.0,0.0,0.0,0.0,0.0,0.0,0.0,0.0,0.0,0.0,0,0,0,0.0,0,0,0.0,0,0.0,0.0,1.0,0,0,0.0,0.0,0,0.0,0.0,0.0,0,0,0.0,0.0,0.0,0,0.0,0.0,0.0,0.0,0.0,0.0,0.0,0.0,0,0,0,0.0
NEG_00043,0.0,0.0,1.0,0.0,0.0,0.0,0.0,0,0.0,0,0.0,0,0,0,0.0,0,0.0,0.0,0,0,0,0,0.0,0,0,0,0.0,0,0.0,0.0,0.0,0.0,0.0,0.0,0.0,0.0,0.0,0.0,0,0,0,0.0,0,0,0.0,0,0.0,0.0,1.0,0,0,0.0,0.0,0,0.0,0.0,0.0,0,0,0.0,0.0,0.0,0,0.0,0.0,0.0,0.0,0.0,0.0,0.0,0.0,0,0,0,0.0
NEG_00044,0.0,0.0,0.0,0.0,0.0,0.0,0.0,0,0.0,0,0.0,0,0,0,0.0,0,0.0,0.0,0,0,0,0,0.0,0,0,0,0.0,0,0.0,0.0,0.0,0.0,0.0,0.0,0.0,0.0,0.0,0.0,0,0,0,0.0,0,0,0.0,0,0.0,0.0,2.0,0,0,0.0,0.0,0,0.0,0.0,0.0,0,0,0.0,0.0,0.0,0,0.0,0.0,0.0,0.0,0.0,0.0,0.0,0.0,0,0,0,0.0
NEG_00045,0.0,2.0,1.0,0.0,0.0,2.0,0.0,0,0.0,0,0.0,0,0,0,0.0,0,0.0,0.0,0,0,0,0,0.0,0,0,0,0.0,0,0.0,0.0,0.0,0.0,0.0,0.0,0.0,0.0,0.0,0.0,0,0,0,0.0,0,0,0.0,0,0.0,0.0,2.0,0,0,0.0,0.0,0,0.0,0.0,0.0,0,0,0.0,0.0,0.0,0,0.0,0.0,0.0,1.0,0.0,0.0,0.0,0.0,0,0,0,0.0
NEG_00046,0.0,0.0,0.0,0.0,0.0,0.0,0.0,0,0.0,0,0.0,0,0,0,0.0,0,0.0,0.0,0,0,0,0,0.0,0,0,0,0.0,0,0.0,0.0,0.0,0.0,0.0,0.0,0.0,0.0,0.0,0.0,0,0,0,0.0,0,0,0.0,0,0.0,0.0,2.0,0,0,0.0,0.0,0,0.0,0.0,0.0,0,0,0.0,0.0,0.0,0,0.0,0.0,0.0,0.0,0.0,0.0,0.0,0.0,0,0,0,0.0
NEG_00047,0.0,0.0,0.0,0.0,0.0,0.0,0.0,0,0.0,0,0.0,0,0,0,0.0,0,0.0,0.0,0,0,0,0,0.0,0,0,0,0.0,0,0.0,0.0,0.0,0.0,0.0,0.0,0.0,0.0,0.0,0.0,0,0,0,0.0,0,0,0.0,0,0.0,0.0,1.0,0,0,0.0,0.0,0,0.0,0.0,1.0,0,0,0.0,0.0,0.0,0,0.0,0.0,0.0,0.0,0.0,0.0,0.0,0.0,0,0,0,0.0
NEG_00048,0.0,0.0,0.0,0.0,0.0,0.0,0.0,0,0.0,0,0.0,0,0,0,0.0,0,0.0,0.0,0,0,0,0,0.0,0,0,0,0.0,0,0.0,0.0,0.0,0.0,0.0,0.0,0.0,0.0,0.0,0.0,0,0,0,0.0,0,0,0.0,0,0.0,0.0,1.0,0,0,0.0,0.0,0,0.0,0.0,0.0,0,0,0.0,0.0,0.0,0,0.0,0.0,0.0,0.0,0.0,0.0,0.0,0.0,0,0,0,0.0
NEG_00049,0.0,0.0,0.0,0.0,0.0,0.0,0.0,0,0.0,0,0.0,0,0,0,0.0,0,0.0,0.0,0,0,0,0,0.0,0,0,0,0.0,0,0.0,0.0,0.0,0.0,0.0,0.0,0.0,0.0,0.0,0.0,0,0,0,0.0,0,0,0.0,0,0.0,0.0,1.0,0,0,0.0,0.0,0,0.0,0.0,0.0,0,0,0.0,0.0,0.0,0,0.0,0.0,0.0,0.0,0.0,0.0,0.0,0.0,0,0,0,0.0
NEG_00050,0.0,0.0,0.0,0.0,0.0,0.0,0.0,0,0.0,0,0.0,0,0,0,0.0,0,0.0,0.0,0,0,0,0,0.0,0,0,0,0.0,0,0.0,0.0,0.0,0.0,0.0,0.0,0.0,0.0,0.0,0.0,0,0,0,0.0,0,0,0.0,0,0.0,0.0,1.0,0,0,0.0,0.0,0,0.0,0.0,0.0,0,0,0.0,0.0,0.0,0,0.0,0.0,0.0,0.0,0.0,0.0,0.0,0.0,0,0,0,0.0
NEG_00051,0.0,0.0,0.0,0.0,0.0,0.0,0.0,0,0.0,0,0.0,0,0,0,1.0,0,0.0,0.0,0,0,0,0,0.0,0,0,0,0.0,0,0.0,0.0,0.0,0.0,0.0,0.0,0.0,0.0,0.0,0.0,0,0,0,0.0,0,0,0.0,0,0.0,0.0,3.0,0,0,0.0,0.0,0,0.0,0.0,0.0,0,0,0.0,0.0,0.0,0,0.0,0.0,0.0,0.0,0.0,0.0,0.0,0.0,0,0,0,0.0
NEG_00052,0.0,0.0,0.0,0.0,0.0,0.0,0.0,0,0.0,0,0.0,0,0,0,0.0,0,0.0,0.0,0,0,0,0,0.0,0,0,0,0.0,0,0.0,0.0,0.0,0.0,0.0,0.0,0.0,0.0,0.0,0.0,0,0,0,0.0,0,0,0.0,0,0.0,0.0,1.0,0,0,0.0,0.0,0,0.0,0.0,0.0,0,0,0.0,0.0,0.0,0,0.0,0.0,0.0,2.0,0.0,1.0,0.0,0.0,0,0,0,0.0
NEG_00053,0.0,0.0,0.0,0.0,0.0,0.0,0.0,0,0.0,0,0.0,0,0,0,0.0,0,0.0,0.0,0,0,0,0,0.0,0,0,0,0.0,0,0.0,0.0,0.0,0.0,0.0,0.0,0.0,0.0,0.0,0.0,0,0,0,0.0,0,0,0.0,0,0.0,0.0,1.0,0,0,0.0,0.0,0,0.0,0.0,0.0,0,0,0.0,0.0,0.0,0,0.0,0.0,0.0,2.0,0.0,1.0,0.0,0.0,0,0,0,0.0
NEG_00054,0.0,1.0,0.0,0.0,0.0,0.0,0.0,0,0.0,0,0.0,0,0,0,0.0,0,0.0,0.0,0,0,0,0,0.0,0,0,0,0.0,0,0.0,0.0,0.0,0.0,0.0,0.0,0.0,0.0,0.0,0.0,0,0,0,0.0,0,0,0.0,0,0.0,0.0,1.0,0,0,0.0,0.0,0,0.0,0.0,0.0,0,0,0.0,0.0,0.0,0,0.0,0.0,0.0,0.0,0.0,0.0,0.0,0.0,0,0,0,0.0
NEG_00055,0.0,0.0,0.0,0.0,0.0,0.0,0.0,0,0.0,0,0.0,0,0,0,0.0,0,0.0,4.0,0,0,0,0,0.0,0,0,0,0.0,0,0.0,0.0,0.0,0.0,0.0,0.0,0.0,0.0,0.0,0.0,0,0,0,0.0,0,0,0.0,0,0.0,0.0,2.0,0,0,0.0,0.0,0,0.0,0.0,0.0,0,0,0.0,0.0,0.0,0,0.0,0.0,0.0,0.0,0.0,0.0,0.0,0.0,0,0,0,0.0
NEG_00056,0.0,0.0,0.0,0.0,0.0,0.0,0.0,0,0.0,0,0.0,0,0,0,1.0,0,0.0,0.0,0,0,0,0,0.0,0,0,0,0.0,0,0.0,0.0,0.0,0.0,0.0,0.0,0.0,0.0,0.0,0.0,0,0,0,0.0,0,0,0.0,0,0.0,0.0,1.0,0,0,0.0,0.0,0,0.0,0.0,0.0,0,0,0.0,0.0,0.0,0,0.0,0.0,0.0,0.0,0.0,0.0,0.0,0.0,0,0,0,0.0
NEG_00057,0.0,0.0,0.0,0.0,0.0,0.0,0.0,0,0.0,0,0.0,0,0,0,0.0,0,0.0,0.0,0,0,0,0,0.0,0,0,0,0.0,0,0.0,0.0,0.0,0.0,0.0,0.0,0.0,0.0,0.0,0.0,0,0,0,0.0,0,0,0.0,0,0.0,0.0,1.0,0,0,0.0,0.0,0,0.0,0.0,0.0,0,0,0.0,0.0,0.0,0,0.0,0.0,0.0,0.0,0.0,0.0,0.0,0.0,0,0,0,0.0
NEG_00058,0.0,0.0,0.0,0.0,0.0,0.0,0.0,0,0.0,0,0.0,0,0,0,0.0,0,0.0,0.0,0,0,0,0,0.0,0,0,0,0.0,0,0.0,0.0,0.0,0.0,1.0,0.0,0.0,0.0,0.0,0.0,0,0,0,0.0,0,0,0.0,0,0.0,0.0,1.0,0,0,0.0,0.0,0,0.0,0.0,0.0,0,0,0.0,0.0,0.0,0,0.0,0.0,0.0,0.0,0.0,0.0,0.0,0.0,0,0,0,0.0
NEG_00059,0.0,0.0,0.0,0.0,0.0,0.0,0.0,0,0.0,0,0.0,0,0,0,0.0,0,0.0,0.0,0,0,0,0,0.0,0,0,0,0.0,0,0.0,0.0,0.0,0.0,0.0,0.0,0.0,0.0,0.0,0.0,0,0,0,0.0,0,0,0.0,0,0.0,0.0,1.0,0,0,0.0,0.0,0,0.0,0.0,0.0,0,0,0.0,0.0,0.0,0,0.0,0.0,0.0,0.0,0.0,0.0,0.0,0.0,0,0,0,0.0
NEG_00060,0.0,0.0,0.0,0.0,0.0,0.0,0.0,0,0.0,0,0.0,0,0,0,0.0,0,0.0,2.0,0,0,0,0,0.0,0,0,0,0.0,0,0.0,0.0,0.0,0.0,0.0,0.0,0.0,0.0,0.0,0.0,0,0,0,0.0,0,0,0.0,0,0.0,0.0,2.0,0,0,0.0,0.0,0,0.0,0.0,0.0,0,0,0.0,0.0,0.0,0,0.0,0.0,0.0,0.0,0.0,0.0,0.0,0.0,0,0,0,0.0
NEG_00061,0.0,0.0,0.0,0.0,0.0,0.0,0.0,0,0.0,0,0.0,0,0,0,1.0,0,0.0,0.0,0,0,0,0,0.0,0,0,0,0.0,0,0.0,0.0,0.0,0.0,0.0,0.0,0.0,0.0,0.0,0.0,0,0,0,0.0,0,0,0.0,0,0.0,0.0,2.0,0,0,0.0,0.0,0,0.0,0.0,0.0,0,0,0.0,0.0,0.0,0,0.0,0.0,0.0,0.0,0.0,0.0,0.0,0.0,0,0,0,0.0
NEG_00062,0.0,0.0,0.0,0.0,0.0,0.0,0.0,0,0.0,0,0.0,0,0,0,0.0,0,0.0,0.0,0,0,0,0,0.0,0,0,0,0.0,0,0.0,0.0,0.0,0.0,0.0,0.0,0.0,0.0,0.0,0.0,0,0,0,0.0,0,0,0.0,0,0.0,0.0,1.0,0,0,0.0,0.0,0,0.0,0.0,0.0,0,0,0.0,0.0,0.0,0,0.0,0.0,0.0,0.0,0.0,0.0,0.0,0.0,0,0,0,0.0
NEG_00063,0.0,0.0,0.0,0.0,0.0,0.0,0.0,0,0.0,0,0.0,0,0,0,0.0,0,0.0,0.0,0,0,0,0,0.0,0,0,0,0.0,0,0.0,0.0,0.0,0.0,0.0,0.0,0.0,0.0,0.0,0.0,0,0,0,0.0,0,0,0.0,0,0.0,0.0,1.0,0,0,0.0,0.0,0,0.0,0.0,0.0,0,0,0.0,0.0,0.0,0,0.0,0.0,0.0,0.0,0.0,0.0,0.0,0.0,0,0,0,0.0
NEG_00064,0.0,0.0,0.0,0.0,0.0,0.0,0.0,0,0.0,0,0.0,0,0,0,0.0,0,0.0,0.0,0,0,0,0,0.0,0,0,0,0.0,0,0.0,0.0,0.0,0.0,0.0,0.0,0.0,0.0,0.0,0.0,0,0,0,0.0,0,0,0.0,0,0.0,0.0,1.0,0,0,0.0,0.0,0,0.0,0.0,0.0,0,0,0.0,0.0,0.0,0,0.0,0.0,0.0,0.0,0.0,0.0,0.0,0.0,0,0,0,0.0
NEG_00065,0.0,0.0,0.0,0.0,0.0,0.0,0.0,0,0.0,0,0.0,0,0,0,0.0,0,0.0,0.0,0,0,0,0,0.0,0,0,0,0.0,0,0.0,0.0,0.0,0.0,0.0,0.0,0.0,0.0,0.0,0.0,0,0,0,0.0,0,0,0.0,0,0.0,0.0,3.0,0,0,0.0,0.0,0,0.0,0.0,0.0,0,0,0.0,0.0,0.0,0,0.0,0.0,0.0,0.0,0.0,0.0,0.0,0.0,0,0,0,0.0
NEG_00066,0.0,0.0,0.0,0.0,0.0,0.0,0.0,0,0.0,0,0.0,0,0,0,0.0,0,0.0,0.0,0,0,0,0,0.0,0,0,0,0.0,0,0.0,0.0,0.0,0.0,0.0,0.0,0.0,0.0,0.0,0.0,0,0,0,0.0,0,0,0.0,0,0.0,0.0,3.0,0,0,0.0,0.0,0,0.0,0.0,0.0,0,0,0.0,0.0,0.0,0,0.0,0.0,0.0,0.0,0.0,0.0,0.0,0.0,0,0,0,0.0
NEG_00067,0.0,0.0,0.0,0.0,0.0,0.0,0.0,0,0.0,0,0.0,0,0,0,0.0,0,0.0,2.0,0,0,0,0,0.0,0,0,0,0.0,0,0.0,0.0,0.0,0.0,0.0,0.0,0.0,0.0,0.0,0.0,0,0,0,0.0,0,0,0.0,0,0.0,0.0,2.0,0,0,0.0,0.0,0,0.0,0.0,0.0,0,0,0.0,0.0,0.0,0,0.0,0.0,0.0,0.0,0.0,0.0,0.0,0.0,0,0,0,0.0
NEG_00068,0.0,0.0,0.0,0.0,0.0,0.0,0.0,0,0.0,0,0.0,0,0,0,1.0,0,0.0,0.0,0,0,0,0,0.0,0,0,0,0.0,0,0.0,0.0,0.0,0.0,0.0,0.0,0.0,0.0,0.0,0.0,0,0,0,0.0,0,0,0.0,0,0.0,0.0,4.0,0,0,0.0,0.0,0,0.0,0.0,0.0,0,0,0.0,0.0,0.0,0,0.0,0.0,0.0,0.0,0.0,0.0,0.0,0.0,0,0,0,0.0
NEG_00069,0.0,0.0,1.0,0.0,0.0,0.0,0.0,0,0.0,0,0.0,0,0,0,0.0,0,0.0,4.0,0,0,0,0,0.0,0,0,0,0.0,0,0.0,0.0,0.0,0.0,0.0,0.0,0.0,0.0,0.0,0.0,0,0,0,0.0,0,0,0.0,0,0.0,0.0,1.0,0,0,0.0,0.0,0,0.0,0.0,0.0,0,0,0.0,0.0,0.0,0,0.0,0.0,0.0,0.0,0.0,0.0,0.0,0.0,0,0,0,0.0
NEG_00070,0.0,2.0,0.0,0.0,0.0,0.0,1.0,0,0.0,0,0.0,0,0,0,0.0,0,0.0,0.0,0,0,0,0,0.0,0,0,0,0.0,0,0.0,0.0,0.0,0.0,0.0,0.0,0.0,0.0,0.0,0.0,0,0,0,0.0,0,0,0.0,0,0.0,0.0,2.0,0,0,0.0,0.0,0,0.0,0.0,0.0,0,0,0.0,0.0,0.0,0,0.0,0.0,0.0,0.0,0.0,1.0,2.0,0.0,0,0,0,0.0
NEG_00071,0.0,0.0,0.0,0.0,0.0,0.0,0.0,0,0.0,0,0.0,0,0,0,0.0,0,0.0,4.0,0,0,0,0,0.0,0,0,0,0.0,0,0.0,0.0,0.0,0.0,0.0,0.0,0.0,0.0,0.0,0.0,0,0,0,0.0,0,0,0.0,0,0.0,0.0,2.0,0,0,0.0,0.0,0,0.0,0.0,0.0,0,0,0.0,0.0,0.0,0,0.0,0.0,0.0,0.0,0.0,0.0,0.0,0.0,0,0,0,0.0
NEG_00072,0.0,0.0,0.0,0.0,0.0,0.0,0.0,0,0.0,0,0.0,0,0,0,0.0,0,0.0,0.0,0,0,0,0,0.0,0,0,0,0.0,0,0.0,0.0,0.0,0.0,0.0,0.0,0.0,0.0,0.0,0.0,0,0,0,0.0,0,0,0.0,0,0.0,0.0,1.0,0,0,0.0,0.0,0,0.0,0.0,0.0,0,0,0.0,0.0,0.0,0,0.0,0.0,0.0,0.0,0.0,0.0,0.0,0.0,0,0,0,0.0
NEG_00073,0.0,0.0,0.0,0.0,0.0,0.0,0.0,0,0.0,0,0.0,0,0,0,0.0,0,0.0,0.0,0,0,0,0,0.0,0,0,0,0.0,0,0.0,0.0,0.0,0.0,0.0,0.0,0.0,0.0,0.0,0.0,0,0,0,0.0,0,0,0.0,0,0.0,0.0,3.0,0,0,0.0,0.0,0,0.0,0.0,0.0,0,0,0.0,0.0,0.0,0,0.0,0.0,0.0,0.0,0.0,0.0,0.0,0.0,0,0,0,0.0
NEG_00074,0.0,0.0,0.0,0.0,0.0,0.0,0.0,0,0.0,0,0.0,0,0,0,0.0,0,0.0,0.0,0,0,0,0,0.0,0,0,0,0.0,0,0.0,0.0,0.0,0.0,0.0,0.0,0.0,0.0,0.0,0.0,0,0,0,0.0,0,0,0.0,0,0.0,0.0,1.0,0,0,0.0,0.0,0,0.0,0.0,0.0,0,0,0.0,0.0,0.0,0,0.0,0.0,0.0,0.0,0.0,0.0,0.0,0.0,0,0,0,0.0
NEG_00075,0.0,0.0,0.0,0.0,0.0,0.0,0.0,0,0.0,0,0.0,0,0,0,0.0,0,0.0,0.0,0,0,0,0,0.0,0,0,0,0.0,0,0.0,0.0,0.0,0.0,0.0,0.0,0.0,0.0,0.0,0.0,0,0,0,0.0,0,0,0.0,0,0.0,0.0,1.0,0,0,0.0,0.0,0,0.0,0.0,0.0,0,0,0.0,0.0,0.0,0,0.0,0.0,0.0,0.0,0.0,0.0,0.0,0.0,0,0,0,0.0
NEG_00076,0.0,0.0,0.0,0.0,0.0,0.0,0.0,0,0.0,0,0.0,0,0,0,1.0,0,0.0,0.0,0,0,0,0,0.0,0,0,0,0.0,0,0.0,0.0,0.0,0.0,0.0,0.0,0.0,0.0,0.0,0.0,0,0,0,0.0,0,0,0.0,0,0.0,0.0,1.0,0,0,0.0,0.0,0,0.0,0.0,0.0,0,0,0.0,0.0,0.0,0,0.0,0.0,0.0,0.0,0.0,0.0,0.0,0.0,0,0,0,0.0
NEG_00077,0.0,0.0,0.0,2.0,0.0,0.0,0.0,0,0.0,0,0.0,0,0,0,0.0,0,0.0,0.0,0,0,0,0,0.0,0,0,0,0.0,0,0.0,0.0,0.0,0.0,0.0,0.0,0.0,0.0,0.0,0.0,0,0,0,0.0,0,0,0.0,0,0.0,0.0,1.0,0,0,0.0,0.0,0,0.0,0.0,0.0,0,0,0.0,0.0,0.0,0,0.0,0.0,0.0,0.0,0.0,0.0,0.0,0.0,0,0,0,0.0
NEG_00078,0.0,0.0,0.0,0.0,0.0,0.0,0.0,0,0.0,0,0.0,0,0,0,2.0,0,0.0,0.0,0,0,0,0,0.0,0,0,0,0.0,0,0.0,0.0,0.0,0.0,0.0,0.0,0.0,0.0,0.0,0.0,0,0,0,0.0,0,0,0.0,0,0.0,0.0,1.0,0,0,0.0,0.0,0,0.0,0.0,0.0,0,0,0.0,0.0,0.0,0,0.0,0.0,0.0,0.0,0.0,0.0,0.0,0.0,0,0,0,0.0
NEG_00079,0.0,0.0,0.0,0.0,0.0,0.0,0.0,0,0.0,0,0.0,0,0,0,0.0,0,0.0,0.0,0,0,0,0,0.0,0,0,0,0.0,0,0.0,0.0,0.0,0.0,0.0,0.0,0.0,0.0,0.0,0.0,0,0,0,0.0,0,0,0.0,0,0.0,0.0,1.0,0,0,0.0,0.0,0,0.0,0.0,0.0,0,0,0.0,0.0,0.0,0,0.0,0.0,0.0,0.0,0.0,0.0,0.0,0.0,0,0,0,0.0
NEG_00080,0.0,1.0,0.0,0.0,0.0,0.0,0.0,0,0.0,0,0.0,0,0,0,0.0,0,0.0,0.0,0,0,0,0,0.0,0,0,0,0.0,0,0.0,0.0,0.0,0.0,0.0,0.0,0.0,0.0,0.0,0.0,0,0,0,0.0,0,0,0.0,0,0.0,0.0,1.0,0,0,0.0,0.0,0,0.0,0.0,0.0,0,0,0.0,0.0,0.0,0,0.0,0.0,0.0,0.0,0.0,0.0,0.0,0.0,0,0,0,0.0
NEG_00081,0.0,0.0,0.0,0.0,0.0,0.0,0.0,0,0.0,0,0.0,0,0,0,0.0,0,0.0,0.0,0,0,0,0,0.0,0,0,0,0.0,0,0.0,0.0,0.0,0.0,0.0,0.0,0.0,0.0,0.0,0.0,0,0,0,0.0,0,0,0.0,0,0.0,0.0,1.0,0,0,0.0,0.0,0,0.0,0.0,0.0,0,0,0.0,0.0,0.0,0,0.0,0.0,0.0,0.0,0.0,0.0,0.0,0.0,0,0,0,0.0
NEG_00082,0.0,0.0,0.0,0.0,0.0,0.0,0.0,0,0.0,0,0.0,0,0,0,0.0,0,0.0,0.0,0,0,0,0,0.0,0,0,0,0.0,0,0.0,0.0,0.0,0.0,0.0,0.0,0.0,0.0,0.0,0.0,0,0,0,0.0,0,0,0.0,0,0.0,0.0,1.0,0,0,0.0,0.0,0,0.0,0.0,0.0,0,0,0.0,0.0,0.0,0,0.0,0.0,0.0,0.0,0.0,0.0,0.0,0.0,0,0,0,0.0
NEG_00083,0.0,0.0,0.0,0.0,0.0,0.0,0.0,0,0.0,0,0.0,0,0,0,1.0,0,0.0,0.0,0,0,0,0,0.0,0,0,0,0.0,0,0.0,0.0,0.0,0.0,0.0,0.0,0.0,0.0,0.0,0.0,0,0,0,0.0,0,0,0.0,0,0.0,0.0,2.0,0,0,0.0,0.0,0,0.0,0.0,0.0,0,0,0.0,0.0,0.0,0,0.0,0.0,0.0,0.0,0.0,0.0,0.0,0.0,0,0,0,0.0
NEG_00084,0.0,0.0,0.0,0.0,0.0,0.0,0.0,0,0.0,0,0.0,0,0,0,1.0,0,0.0,0.0,0,0,0,0,0.0,0,0,0,0.0,0,0.0,0.0,0.0,0.0,0.0,0.0,0.0,0.0,0.0,0.0,0,0,0,0.0,0,0,0.0,0,0.0,0.0,1.0,0,0,0.0,0.0,0,0.0,0.0,0.0,0,0,0.0,0.0,0.0,0,0.0,0.0,0.0,1.0,0.0,0.0,0.0,0.0,0,0,0,0.0
NEG_00085,0.0,0.0,0.0,0.0,0.0,0.0,0.0,0,0.0,0,0.0,0,0,0,0.0,0,0.0,0.0,0,0,0,0,0.0,0,0,0,0.0,0,0.0,0.0,0.0,0.0,0.0,0.0,0.0,0.0,0.0,0.0,0,0,0,0.0,0,0,0.0,0,0.0,0.0,2.0,0,0,0.0,0.0,0,0.0,0.0,0.0,0,0,0.0,0.0,0.0,0,0.0,0.0,0.0,1.0,0.0,0.0,0.0,0.0,0,0,0,0.0
NEG_00086,0.0,0.0,0.0,0.0,0.0,0.0,0.0,0,0.0,0,0.0,0,0,0,1.0,0,0.0,0.0,0,0,0,0,0.0,0,0,0,0.0,0,0.0,0.0,0.0,0.0,0.0,0.0,0.0,0.0,0.0,0.0,0,0,0,0.0,0,0,0.0,0,0.0,0.0,2.0,0,0,0.0,0.0,0,0.0,0.0,0.0,0,0,0.0,0.0,0.0,0,0.0,0.0,0.0,1.0,0.0,0.0,0.0,0.0,0,0,0,0.0
NEG_00087,0.0,0.0,0.0,0.0,0.0,0.0,0.0,0,0.0,0,0.0,0,0,0,0.0,0,0.0,0.0,0,0,0,0,0.0,0,0,0,0.0,0,0.0,0.0,0.0,0.0,0.0,0.0,0.0,0.0,0.0,0.0,0,0,0,0.0,0,0,0.0,0,0.0,0.0,2.0,0,0,0.0,0.0,0,0.0,0.0,0.0,0,0,0.0,0.0,0.0,0,0.0,0.0,0.0,1.0,0.0,0.0,0.0,0.0,0,0,0,0.0
NEG_00088,0.0,0.0,0.0,0.0,0.0,0.0,0.0,0,0.0,0,0.0,0,0,0,1.0,0,0.0,0.0,0,0,0,0,0.0,0,0,0,0.0,0,0.0,0.0,0.0,0.0,0.0,0.0,0.0,0.0,0.0,0.0,0,0,0,0.0,0,0,0.0,0,0.0,0.0,1.0,0,0,0.0,0.0,0,0.0,0.0,0.0,0,0,0.0,0.0,0.0,0,0.0,0.0,0.0,0.0,0.0,0.0,0.0,0.0,0,0,0,0.0
NEG_00089,0.0,0.0,0.0,0.0,0.0,0.0,0.0,0,0.0,0,0.0,0,0,0,1.0,0,0.0,0.0,0,0,0,0,0.0,0,0,0,0.0,0,0.0,0.0,0.0,0.0,0.0,0.0,0.0,0.0,0.0,0.0,0,0,0,0.0,0,0,0.0,0,0.0,0.0,1.0,0,0,0.0,0.0,0,0.0,0.0,0.0,0,0,0.0,0.0,0.0,0,0.0,0.0,0.0,1.0,0.0,0.0,0.0,0.0,0,0,0,0.0
NEG_00090,0.0,0.0,0.0,0.0,0.0,0.0,0.0,0,0.0,0,0.0,0,0,0,1.0,0,0.0,0.0,0,0,0,0,0.0,0,0,0,0.0,0,0.0,0.0,0.0,0.0,0.0,0.0,0.0,0.0,0.0,0.0,0,0,0,0.0,0,0,0.0,0,0.0,0.0,1.0,0,0,0.0,0.0,0,0.0,0.0,0.0,0,0,0.0,0.0,0.0,0,0.0,0.0,0.0,1.0,0.0,0.0,0.0,0.0,0,0,0,0.0
NEG_00091,0.0,0.0,0.0,0.0,0.0,0.0,0.0,0,0.0,0,0.0,0,0,0,0.0,0,0.0,0.0,0,0,0,0,0.0,0,0,0,0.0,0,0.0,0.0,0.0,0.0,0.0,0.0,0.0,0.0,0.0,0.0,0,0,0,0.0,0,0,0.0,0,0.0,0.0,1.0,0,0,0.0,0.0,0,0.0,0.0,0.0,0,0,0.0,0.0,0.0,0,0.0,0.0,0.0,1.0,0.0,0.0,0.0,0.0,0,0,0,0.0
NEG_00092,0.0,0.0,0.0,0.0,0.0,0.0,0.0,0,0.0,0,0.0,0,0,0,0.0,0,0.0,0.0,0,0,0,0,0.0,0,0,0,0.0,0,0.0,0.0,0.0,0.0,0.0,0.0,0.0,0.0,0.0,0.0,0,0,0,0.0,0,0,0.0,0,0.0,0.0,1.0,0,0,0.0,0.0,0,0.0,0.0,0.0,0,0,0.0,0.0,0.0,0,0.0,0.0,0.0,1.0,0.0,0.0,0.0,0.0,0,0,0,0.0
NEG_00093,0.0,0.0,0.0,0.0,0.0,0.0,0.0,0,0.0,0,0.0,0,0,0,1.0,0,0.0,0.0,0,0,0,0,0.0,0,0,0,0.0,0,0.0,0.0,0.0,0.0,0.0,0.0,0.0,0.0,0.0,0.0,0,0,0,0.0,0,0,0.0,0,0.0,0.0,2.0,0,0,0.0,0.0,0,0.0,0.0,0.0,0,0,0.0,0.0,0.0,0,0.0,0.0,0.0,0.0,0.0,0.0,0.0,0.0,0,0,0,0.0
NEG_00094,0.0,0.0,0.0,0.0,0.0,0.0,0.0,0,0.0,0,0.0,0,0,0,0.0,0,0.0,0.0,0,0,0,0,0.0,0,0,0,0.0,0,0.0,0.0,0.0,0.0,0.0,0.0,0.0,0.0,0.0,0.0,0,0,0,0.0,0,0,0.0,0,0.0,0.0,1.0,0,0,0.0,0.0,0,0.0,0.0,0.0,0,0,0.0,0.0,0.0,0,0.0,0.0,0.0,0.0,0.0,0.0,0.0,0.0,0,0,0,0.0
NEG_00095,0.0,0.0,1.0,0.0,0.0,0.0,0.0,0,0.0,0,0.0,0,0,0,0.0,0,0.0,2.0,0,0,0,0,0.0,0,0,0,0.0,0,0.0,0.0,0.0,0.0,0.0,0.0,0.0,0.0,0.0,0.0,0,0,0,0.0,0,0,0.0,0,0.0,0.0,2.0,0,0,0.0,0.0,0,0.0,0.0,0.0,0,0,0.0,0.0,0.0,0,0.0,0.0,0.0,0.0,0.0,0.0,0.0,0.0,0,0,0,0.0
NEG_00096,0.0,0.0,1.0,0.0,0.0,0.0,0.0,0,0.0,0,0.0,0,0,0,0.0,0,0.0,4.0,0,0,0,0,0.0,0,0,0,0.0,0,0.0,0.0,0.0,0.0,0.0,0.0,0.0,0.0,0.0,0.0,0,0,0,0.0,0,0,0.0,0,0.0,0.0,2.0,0,0,0.0,0.0,0,0.0,0.0,0.0,0,0,2.0,0.0,0.0,0,0.0,0.0,0.0,0.0,0.0,0.0,0.0,0.0,0,0,0,0.0
NEG_00097,0.0,0.0,0.0,0.0,0.0,0.0,0.0,0,0.0,0,0.0,0,0,0,0.0,0,0.0,2.0,0,0,0,0,0.0,0,0,0,0.0,0,0.0,0.0,0.0,0.0,0.0,0.0,0.0,0.0,0.0,0.0,0,0,0,0.0,0,0,0.0,0,0.0,0.0,2.0,0,0,0.0,0.0,0,0.0,0.0,0.0,0,0,0.0,0.0,0.0,0,0.0,0.0,0.0,0.0,0.0,0.0,0.0,0.0,0,0,0,0.0
NEG_00098,0.0,0.0,0.0,0.0,0.0,0.0,0.0,0,0.0,0,0.0,0,0,0,0.0,0,0.0,2.0,0,0,0,0,0.0,0,0,0,0.0,0,0.0,0.0,0.0,0.0,0.0,0.0,0.0,0.0,0.0,0.0,0,0,0,0.0,0,0,0.0,0,0.0,0.0,1.0,0,0,0.0,0.0,0,0.0,0.0,0.0,0,0,0.0,0.0,0.0,0,0.0,0.0,0.0,0.0,0.0,0.0,0.0,0.0,0,0,0,0.0
NEG_00099,0.0,0.0,0.0,0.0,0.0,1.0,0.0,0,0.0,0,0.0,0,0,0,0.0,0,0.0,0.0,0,0,0,0,0.0,0,0,0,0.0,0,0.0,0.0,0.0,0.0,0.0,0.0,0.0,0.0,0.0,0.0,0,0,0,0.0,0,0,0.0,0,0.0,1.0,1.0,0,0,0.0,0.0,0,0.0,0.0,0.0,0,0,0.0,0.0,0.0,0,0.0,0.0,0.0,0.0,0.0,0.0,0.0,0.0,0,0,0,0.0
NEG_00100,0.0,0.0,0.0,0.0,0.0,0.0,0.0,0,0.0,0,0.0,0,0,0,0.0,0,0.0,0.0,0,0,0,0,0.0,0,0,0,0.0,0,0.0,0.0,0.0,0.0,0.0,0.0,0.0,0.0,0.0,0.0,0,0,0,0.0,0,0,0.0,0,0.0,0.0,1.0,0,0,0.0,0.0,0,0.0,0.0,0.0,0,0,0.0,0.0,0.0,0,0.0,0.0,0.0,1.0,0.0,0.0,0.0,0.0,0,0,0,0.0
NEG_00101,0.0,0.0,0.0,0.0,0.0,0.0,0.0,0,0.0,0,0.0,0,0,0,0.0,0,0.0,0.0,0,0,0,0,0.0,0,0,0,0.0,0,0.0,0.0,0.0,0.0,0.0,0.0,0.0,0.0,0.0,0.0,0,0,0,0.0,0,0,0.0,0,0.0,0.0,1.0,0,0,0.0,0.0,0,0.0,0.0,0.0,0,0,0.0,0.0,0.0,0,0.0,0.0,0.0,0.0,0.0,0.0,0.0,0.0,0,0,0,0.0
