case_id,trial_verdict,appeal_outcome
CASE_00000,Unknown,SENTENCE
CASE_00001,Unknown,SENTENCE
CASE_00002,Murder,SENTENCE
CASE_00003,Murder,UPHELD
CASE_00004,Murder,UPHELD
CASE_00005,Murder,UPHELD
CASE_00006,Unknown,SENTENCE
CASE_00007,Murder,UPHELD
CASE_00008,Unknown,QUASHED
CASE_00009,Murder,RETRIAL
CASE_00010,Murder,UPHELD
CASE_00011,Not Guilty,SENTENCE
CASE_00012,Murder,SENTENCE
CASE_00013,Murder,UPHELD
CASE_00014,Murder,UPHELD
CASE_00015,Murder,UPHELD
CASE_00016,Murder,SENTENCE
CASE_00017,Murder,UPHELD
CASE_00018,Murder,UPHELD
CASE_00019,Murder,QUASHED
CASE_00020,Murder,QUASHED
CASE_00021,Manslaughter,RETRIAL
CASE_00022,Murder,UPHELD
CASE_00023,Murder,UPHELD
CASE_00024,Manslaughter,UPHELD
CASE_00025,Murder,UPHELD
CASE_00026,Manslaughter,SENTENCE
CASE_00027,Murder,UPHELD
CASE_00028,Murder,SENTENCE
CASE_00029,Murder,UPHELD
CASE_00030,Murder,UPHELD
CASE_00031,Not Guilty,QUASHED
CASE_00033,Murder,UPHELD
CASE_00034,Unknown,SENTENCE
CASE_00035,Murder,UPHELD
CASE_00036,Murder,SENTENCE
CASE_00037,Murder,UPHELD
CASE_00038,Murder,UPHELD
CASE_00039,Murder,UPHELD
CASE_00040,Murder,UPHELD
CASE_00041,Murder,UPHELD
CASE_00042,Murder,SENTENCE
CASE_00043,Murder,UPHELD
CASE_00044,Murder,UPHELD
CASE_00045,Unknown,UPHELD
CASE_00046,Murder,REDUCED
CASE_00047,Manslaughter,UPHELD
CASE_00048,Murder,REDUCED
CASE_00049,Murder,UPHELD
CASE_00050,Murder,UPHELD
CASE_00051,Manslaughter,UPHELD
CASE_00052,Murder,UPHELD
CASE_00053,Not Guilty,QUASHED
CASE_00054,Murder,QUASHED
CASE_00055,Murder,SENTENCE
CASE_00056,Murder,QUASHED
CASE_00057,Murder,UPHELD
CASE_00058,Murder,SENTENCE
CASE_00059,Manslaughter,QUASHED
CASE_00060,Murder,QUASHED
CASE_00061,Murder,SENTENCE
CASE_00062,Manslaughter,UPHELD
CASE_00063,Murder,UPHELD
CASE_00064,Murder,UPHELD
CASE_00065,Unknown,UPHELD
CASE_00066,Murder,SENTENCE
CASE_00067,Murder,SENTENCE
CASE_00068,Murder,REDUCED
CASE_00069,Unknown,SENTENCE
CASE_00070,Murder,UPHELD
CASE_00071,Not Guilty,RETRIAL
CASE_00072,Unknown,UPHELD
CASE_00073,Murder,UPHELD
CASE_00074,Murder,QUASHED
CASE_00075,Murder,UPHELD
CASE_00076,Murder,SENTENCE
CASE_00077,Murder,UPHELD
CASE_00078,Murder,UPHELD
CASE_00079,Unknown,SENTENCE
CASE_00080,Murder,SENTENCE
CASE_00081,Murder,RETRIAL
CASE_00082,Murder,UPHELD
CASE_00083,Murder,UPHELD
CASE_00084,Unknown,SENTENCE
CASE_00085,Murder,UPHELD
CASE_00086,Murder,SENTENCE
CASE_00087,Murder,SENTENCE
CASE_00088,Murder,SENTENCE
CASE_00089,Murder,UPHELD
CASE_00090,Murder,UPHELD
CASE_00091,Murder,SENTENCE
CASE_00092,Murder,UPHELD
CASE_00093,Murder,REDUCED
CASE_00094,Murder,UPHELD
CASE_00095,Murder,UPHELD
CASE_00096,Murder,UPHELD
CASE_00097,Murder,UPHELD
CASE_00098,Murder,UPHELD
CASE_00099,Murder,UPHELD
CASE_00100,Unknown,UNKNOWN
CASE_00101,Murder,UPHELD
CASE_00102,Manslaughter,QUASHED
CASE_00103,Murder,SENTENCE
CASE_00104,Manslaughter,QUASHED
CASE_00105,Manslaughter,SENTENCE
CASE_00106,Murder,SENTENCE
CASE_00107,Murder,RETRIAL
CASE_00108,Murder,SENTENCE
CASE_00109,Manslaughter,SENTENCE
CASE_00110,Not Guilty,UPHELD
CASE_00111,Murder,SENTENCE
CASE_00112,Murder,UPHELD
CASE_00113,Unknown,UNKNOWN
CASE_00114,Murder,UPHELD
CASE_00115,Unknown,UPHELD
CASE_00116,Murder,UPHELD
CASE_00117,Murder,SENTENCE
CASE_00118,Murder,UPHELD
CASE_00119,Murder,UPHELD
CASE_00032,Manslaughter,UNKNOWN
CASE_00124,Murder,SENTENCE
CASE_00125,Murder,REDUCED
CASE_00126,Murder,UPHELD
CASE_00127,Murder,UPHELD
CASE_00128,Murder,UPHELD
CASE_00130,Murder,SENTENCE
CASE_00131,Murder,UPHELD
CASE_00133,Murder,UPHELD
CASE_00136,Unknown,UNKNOWN
CASE_00137,Murder,QUASHED
CASE_00138,Murder,QUASHED
CASE_00120,Murder,SENTENCE
CASE_00121,Manslaughter,UPHELD
CASE_00122,Unknown,UNKNOWN
CASE_00123,Murder,RETRIAL
CASE_00129,Murder,SENTENCE
CASE_00139,Murder,UPHELD
CASE_00140,Murder,UPHELD
CASE_00141,Murder,RETRIAL
CASE_00143,Murder,SENTENCE
CASE_00146,Murder,UNKNOWN
CASE_00151,Murder,UPHELD
CASE_00152,Murder,UPHELD
CASE_00153,Manslaughter,SENTENCE
CASE_00154,Murder,SENTENCE
CASE_00155,Murder,UNKNOWN
CASE_00156,Murder,SENTENCE
CASE_00159,Murder,UPHELD
CASE_00160,Murder,UPHELD
CASE_00161,Murder,UPHELD
CASE_00162,Murder,UPHELD
CASE_00164,Murder,UPHELD
CASE_00165,Murder,UPHELD
CASE_00166,Murder,UPHELD
CASE_00167,Manslaughter,QUASHED
CASE_00168,Murder,UPHELD
CASE_00169,Murder,SENTENCE
CASE_00171,Murder,UPHELD
CASE_00172,Murder,UPHELD
CASE_00174,Murder,SENTENCE
CASE_00175,Murder,UPHELD
CASE_00176,Murder,SENTENCE
CASE_00178,Murder,UPHELD
CASE_00134,Murder,SENTENCE
CASE_00135,Murder,UPHELD
CASE_00179,Murder,UNKNOWN
CASE_00180,Not Guilty,RETRIAL
CASE_00181,Murder,UPHELD
CASE_00182,Murder,UPHELD
CASE_00183,Manslaughter,UPHELD
CASE_00184,Unknown,UNKNOWN
CASE_00186,Murder,SENTENCE
CASE_00187,Murder,UPHELD
CASE_00190,Unknown,SENTENCE
CASE_00194,Murder,UPHELD
CASE_00195,Murder,UNKNOWN
CASE_00196,Not Guilty,QUASHED
CASE_00197,Murder,SENTENCE
CASE_00198,Murder,UPHELD
CASE_00142,Murder,UPHELD
CASE_00144,Murder,QUASHED
CASE_00145,Unknown,SENTENCE
CASE_00147,Murder,QUASHED
CASE_00148,Murder,UPHELD
CASE_00149,Unknown,SENTENCE
CASE_00199,Murder,UPHELD
CASE_00200,Murder,UPHELD
CASE_00201,Not Guilty,UNKNOWN
CASE_00202,Murder,REDUCED
CASE_00204,Murder,REDUCED
CASE_00207,Murder,SENTENCE
CASE_00208,Murder,UPHELD
CASE_00209,Murder,SENTENCE
CASE_00210,Murder,UPHELD
CASE_00211,Manslaughter,SENTENCE
CASE_00212,Murder,UPHELD
CASE_00213,Murder,UPHELD
CASE_00214,Manslaughter,UPHELD
CASE_00217,Manslaughter,SENTENCE
CASE_00219,Manslaughter,UPHELD
CASE_00220,Murder,UPHELD
CASE_00222,Murder,UPHELD
CASE_00223,Murder,QUASHED
CASE_00226,Murder,UPHELD
CASE_00227,Murder,UPHELD
CASE_00228,Murder,SENTENCE
CASE_00150,Murder,UPHELD
CASE_00157,Manslaughter,SENTENCE
CASE_00158,Murder,SENTENCE
CASE_00229,Murder,REDUCED
CASE_00230,Murder,SENTENCE
CASE_00231,Murder,SENTENCE
CASE_00232,Unknown,UPHELD
CASE_00233,Murder,UPHELD
CASE_00234,Murder,SENTENCE
CASE_00235,Murder,REDUCED
CASE_00236,Murder,UPHELD
CASE_00237,Murder,UPHELD
CASE_00238,Murder,UPHELD
CASE_00239,Manslaughter,UPHELD
CASE_00240,Murder,SENTENCE
CASE_00241,Unknown,UNKNOWN
CASE_00242,Murder,UPHELD
CASE_00243,Murder,UPHELD
CASE_00244,Murder,SENTENCE
CASE_00245,Murder,UPHELD
CASE_00246,Murder,UPHELD
CASE_00247,Murder,SENTENCE
CASE_00248,Murder,SENTENCE
CASE_00249,Murder,SENTENCE
CASE_00251,Murder,UPHELD
CASE_00253,Murder,QUASHED
CASE_00254,Murder,UPHELD
CASE_00255,Manslaughter,QUASHED
CASE_00258,Unknown,UNKNOWN
CASE_00261,Murder,UPHELD
CASE_00262,Manslaughter,UPHELD
CASE_00263,Murder,UPHELD
CASE_00265,Murder,UPHELD
CASE_00266,Murder,UPHELD
CASE_00267,Murder,UPHELD
CASE_00268,Unknown,UNKNOWN
CASE_00272,Murder,UPHELD
CASE_00274,Murder,SENTENCE
CASE_00275,Murder,UNKNOWN
CASE_00276,Murder,UPHELD
CASE_00277,Murder,UPHELD
CASE_00278,Murder,UPHELD
CASE_00163,Unknown,SENTENCE
CASE_00279,Murder,UPHELD
CASE_00280,Unknown,UNKNOWN
CASE_00281,Murder,SENTENCE
CASE_00282,Murder,UPHELD
CASE_00283,Murder,SENTENCE
CASE_00284,Murder,SENTENCE
CASE_00285,Murder,UPHELD
CASE_00287,Murder,UPHELD
CASE_00288,Murder,UPHELD
CASE_00289,Manslaughter,UNKNOWN
CASE_00290,Murder,QUASHED
CASE_00291,Murder,SENTENCE
CASE_00292,Murder,UPHELD
CASE_00293,Murder,UPHELD
CASE_00294,Murder,UPHELD
CASE_00295,Murder,UPHELD
CASE_00296,Murder,UPHELD
CASE_00297,Murder,SENTENCE
CASE_00298,Manslaughter,UPHELD
CASE_00299,Murder,UPHELD
CASE_00300,Murder,REDUCED
CASE_00301,Unknown,UNKNOWN
CASE_00302,Murder,UPHELD
CASE_00303,Murder,UPHELD
CASE_00304,Unknown,UNKNOWN
CASE_00305,Unknown,SENTENCE
CASE_00306,Murder,UPHELD
CASE_00307,Unknown,SENTENCE
CASE_00308,Murder,UPHELD
CASE_00309,Murder,SENTENCE
CASE_00310,Murder,UPHELD
CASE_00311,Murder,UPHELD
CASE_00312,Murder,UPHELD
CASE_00313,Murder,UPHELD
CASE_00314,Murder,UNKNOWN
CASE_00316,Murder,UPHELD
CASE_00317,Murder,UPHELD
CASE_00318,Unknown,UPHELD
CASE_00319,Murder,SENTENCE
CASE_00320,Manslaughter,SENTENCE
CASE_00321,Murder,SENTENCE
CASE_00322,Murder,UPHELD
CASE_00323,Unknown,SENTENCE
CASE_00324,Murder,UPHELD
CASE_00325,Murder,SENTENCE
CASE_00326,Murder,UPHELD
CASE_00327,Murder,UPHELD
CASE_00328,Murder,SENTENCE
CASE_00170,Unknown,UNKNOWN
CASE_00173,Unknown,UNKNOWN
CASE_00177,Unknown,UNKNOWN
CASE_00329,Murder,RETRIAL
CASE_00330,Murder,UPHELD
CASE_00331,Murder,UPHELD
CASE_00332,Murder,UPHELD
CASE_00333,Unknown,UNKNOWN
CASE_00334,Murder,UNKNOWN
CASE_00335,Manslaughter,UPHELD
CASE_00336,Murder,UPHELD
CASE_00337,Murder,SENTENCE
CASE_00338,Murder,UPHELD
CASE_00185,Murder,UPHELD
CASE_00188,Murder,UPHELD
CASE_00189,Murder,UPHELD
CASE_00339,Murder,UPHELD
CASE_00340,Manslaughter,UPHELD
CASE_00341,Murder,UPHELD
CASE_00342,Unknown,SENTENCE
CASE_00343,Murder,SENTENCE
CASE_00344,Murder,UPHELD
CASE_00345,Murder,SENTENCE
CASE_00346,Not Guilty,RETRIAL
CASE_00347,Murder,SENTENCE
CASE_00348,Murder,SENTENCE
CASE_00349,Murder,UPHELD
CASE_00350,Murder,UPHELD
CASE_00351,Murder,SENTENCE
CASE_00352,Murder,SENTENCE
CASE_00353,Murder,UPHELD
CASE_00354,Murder,UPHELD
CASE_00355,Murder,UPHELD
CASE_00356,Murder,UPHELD
CASE_00357,Murder,SENTENCE
CASE_00358,Murder,REDUCED
CASE_00359,Murder,SENTENCE
CASE_00360,Murder,UPHELD
CASE_00361,Murder,SENTENCE
CASE_00362,Unknown,UNKNOWN
CASE_00363,Murder,UPHELD
CASE_00364,Murder,SENTENCE
CASE_00365,Murder,QUASHED
CASE_00366,Murder,UPHELD
CASE_00367,Murder,QUASHED
CASE_00368,Murder,UPHELD
CASE_00191,Murder,UPHELD
CASE_00192,Murder,UPHELD
CASE_00193,Murder,UPHELD
CASE_00369,Murder,UPHELD
CASE_00370,Murder,SENTENCE
CASE_00371,Murder,UPHELD
CASE_00372,Murder,UPHELD
CASE_00373,Murder,SENTENCE
CASE_00374,Not Guilty,UNKNOWN
CASE_00375,Murder,SENTENCE
CASE_00376,Murder,UPHELD
CASE_00377,Murder,UPHELD
CASE_00378,Murder,UPHELD
CASE_00379,Murder,SENTENCE
CASE_00380,Murder,UPHELD
CASE_00381,Murder,UPHELD
CASE_00382,Unknown,UNKNOWN
CASE_00383,Manslaughter,SENTENCE
CASE_00384,Manslaughter,SENTENCE
CASE_00385,Manslaughter,UPHELD
CASE_00386,Unknown,UPHELD
CASE_00387,Murder,SENTENCE
CASE_00388,Murder,UPHELD
CASE_00203,Manslaughter,SENTENCE
CASE_00205,Murder,SENTENCE
CASE_00206,Murder,UPHELD
CASE_00389,Murder,SENTENCE
CASE_00390,Murder,UPHELD
CASE_00391,Murder,UPHELD
CASE_00392,Murder,SENTENCE
CASE_00393,Unknown,UNKNOWN
CASE_00394,Murder,UPHELD
CASE_00395,Murder,UPHELD
CASE_00396,Not Guilty,UNKNOWN
CASE_00397,Murder,RETRIAL
CASE_00398,Murder,RETRIAL
CASE_00399,Murder,UPHELD
CASE_00400,Murder,UPHELD
CASE_00401,Unknown,SENTENCE
CASE_00402,Manslaughter,UPHELD
CASE_00403,Murder,UPHELD
CASE_00404,Murder,UPHELD
CASE_00405,Murder,UPHELD
CASE_00406,Murder,UPHELD
CASE_00407,Murder,UPHELD
CASE_00408,Murder,UPHELD
CASE_00215,Unknown,UNKNOWN
CASE_00216,Unknown,UNKNOWN
CASE_00218,Murder,SENTENCE
CASE_00409,Murder,QUASHED
CASE_00410,Murder,UPHELD
CASE_00411,Murder,UPHELD
CASE_00412,Murder,UPHELD
CASE_00413,Murder,UPHELD
CASE_00414,Murder,UPHELD
CASE_00415,Murder,UPHELD
CASE_00416,Murder,UPHELD
CASE_00417,Murder,SENTENCE
CASE_00418,Murder,UPHELD
CASE_00419,Murder,UPHELD
CASE_00420,Unknown,UNKNOWN
CASE_00421,Murder,QUASHED
CASE_00422,Murder,UPHELD
CASE_00423,Murder,SENTENCE
CASE_00424,Murder,QUASHED
CASE_00425,Murder,SENTENCE
CASE_00426,Manslaughter,UPHELD
CASE_00427,Murder,UPHELD
CASE_00428,Murder,UPHELD
CASE_00429,Murder,UPHELD
CASE_00430,Murder,UPHELD
CASE_00431,Manslaughter,SENTENCE
CASE_00432,Murder,UNKNOWN
CASE_00433,Murder,SENTENCE
CASE_00434,Murder,UPHELD
CASE_00435,Murder,UNKNOWN
CASE_00436,Murder,QUASHED
CASE_00437,Murder,UPHELD
CASE_00438,Murder,SENTENCE
CASE_00439,Murder,UPHELD
CASE_00440,Murder,UPHELD
CASE_00441,Murder,UNKNOWN
CASE_00442,Murder,UPHELD
CASE_00443,Manslaughter,SENTENCE
CASE_00444,Murder,UPHELD
CASE_00445,Not Guilty,UNKNOWN
CASE_00446,Unknown,SENTENCE
CASE_00447,Murder,UPHELD
CASE_00448,Murder,SENTENCE
CASE_00221,Murder,QUASHED
CASE_00224,Murder,UPHELD
CASE_00225,Murder,SENTENCE
CASE_00449,Manslaughter,UPHELD
CASE_00450,Manslaughter,SENTENCE
CASE_00451,Murder,UPHELD
CASE_00452,Murder,SENTENCE
CASE_00453,Murder,REDUCED
CASE_00454,Murder,UPHELD
CASE_00455,Not Guilty,RETRIAL
CASE_00456,Murder,RETRIAL
CASE_00457,Murder,UPHELD
CASE_00458,Unknown,UNKNOWN
CASE_00459,Manslaughter,SENTENCE
CASE_00460,Unknown,SENTENCE
CASE_00461,Manslaughter,UPHELD
CASE_00462,Manslaughter,SENTENCE
CASE_00463,Murder,UPHELD
CASE_00464,Murder,UPHELD
CASE_00465,Murder,UPHELD
CASE_00466,Murder,UPHELD
CASE_00467,Murder,QUASHED
CASE_00468,Murder,UPHELD
CASE_00469,Murder,UPHELD
CASE_00470,Unknown,UNKNOWN
CASE_00471,Murder,UPHELD
CASE_00472,Not Guilty,UPHELD
CASE_00473,Murder,SENTENCE
CASE_00474,Murder,UPHELD
CASE_00475,Unknown,UNKNOWN
CASE_00476,Murder,UPHELD
CASE_00477,Murder,UPHELD
CASE_00478,Murder,UNKNOWN
CASE_00479,Murder,UPHELD
CASE_00480,Murder,UPHELD
CASE_00481,Unknown,SENTENCE
CASE_00482,Manslaughter,UPHELD
CASE_00483,Murder,UPHELD
CASE_00484,Murder,UPHELD
CASE_00485,Murder,SENTENCE
CASE_00486,Murder,REDUCED
CASE_00487,Not Guilty,UPHELD
CASE_00488,Murder,SENTENCE
CASE_00489,Murder,SENTENCE
CASE_00490,Murder,UPHELD
CASE_00491,Murder,SENTENCE
CASE_00492,Murder,UPHELD
CASE_00493,Manslaughter,UPHELD
CASE_00494,Manslaughter,SENTENCE
CASE_00495,Unknown,SENTENCE
CASE_00496,Murder,SENTENCE
CASE_00497,Murder,UNKNOWN
CASE_00498,Murder,UPHELD
CASE_00499,Unknown,UNKNOWN
CASE_00500,Murder,UPHELD
CASE_00501,Murder,RETRIAL
CASE_00502,Murder,UPHELD
CASE_00503,Murder,REDUCED
CASE_00504,Murder,QUASHED
CASE_00505,Murder,UPHELD
CASE_00506,Murder,UPHELD
CASE_00507,Not Guilty,SENTENCE
CASE_00508,Murder,UPHELD
CASE_00509,Unknown,UNKNOWN
CASE_00510,Manslaughter,UPHELD
CASE_00511,Murder,UNKNOWN
CASE_00512,Unknown,UNKNOWN
CASE_00513,Murder,UPHELD
CASE_00514,Murder,SENTENCE
CASE_00515,Murder,UPHELD
CASE_00516,Manslaughter,UPHELD
CASE_00517,Murder,UPHELD
CASE_00518,Murder,UPHELD
CASE_00519,Murder,QUASHED
CASE_00520,Murder,UPHELD
CASE_00521,Murder,UPHELD
CASE_00522,Murder,UPHELD
CASE_00523,Murder,UPHELD
CASE_00524,Murder,UPHELD
CASE_00525,Murder,SENTENCE
CASE_00526,Murder,UPHELD
CASE_00527,Unknown,UPHELD
CASE_00528,Not Guilty,SENTENCE
CASE_00529,Murder,SENTENCE
CASE_00530,Unknown,RETRIAL
CASE_00531,Manslaughter,SENTENCE
CASE_00532,Murder,QUASHED
CASE_00533,Unknown,SENTENCE
CASE_00534,Murder,UPHELD
CASE_00535,Murder,QUASHED
CASE_00536,Manslaughter,SENTENCE
CASE_00537,Unknown,SENTENCE
CASE_00538,Murder,UPHELD
CASE_00539,Murder,SENTENCE
CASE_00540,Murder,UPHELD
CASE_00541,Murder,UPHELD
CASE_00542,Unknown,UNKNOWN
CASE_00543,Murder,UPHELD
CASE_00544,Unknown,UNKNOWN
CASE_00545,Murder,UPHELD
CASE_00546,Murder,UPHELD
CASE_00547,Murder,UPHELD
CASE_00548,Murder,UPHELD
CASE_00549,Murder,QUASHED
CASE_00550,Unknown,UNKNOWN
CASE_00551,Murder,UPHELD
CASE_00552,Murder,REDUCED
CASE_00553,Unknown,UNKNOWN
CASE_00554,Murder,QUASHED
CASE_00555,Murder,QUASHED
CASE_00556,Murder,UPHELD
CASE_00557,Murder,REDUCED
CASE_00558,Murder,UPHELD
CASE_00559,Not Guilty,UNKNOWN
CASE_00560,Murder,UPHELD
CASE_00561,Murder,SENTENCE
CASE_00562,Murder,UPHELD
CASE_00563,Murder,UPHELD
CASE_00564,Murder,UPHELD
CASE_00565,Unknown,SENTENCE
CASE_00566,Unknown,UNKNOWN
CASE_00567,Not Guilty,UPHELD
CASE_00568,Murder,UPHELD
CASE_00250,Unknown,SENTENCE
CASE_00252,Unknown,SENTENCE
CASE_00256,Murder,UPHELD
CASE_00257,Unknown,UNKNOWN
CASE_00259,Unknown,SENTENCE
CASE_00569,Unknown,UNKNOWN
CASE_00570,Murder,UPHELD
CASE_00571,Unknown,UNKNOWN
CASE_00572,Murder,UPHELD
CASE_00573,Murder,UPHELD
CASE_00574,Murder,REDUCED
CASE_00575,Murder,REDUCED
CASE_00576,Murder,REDUCED
CASE_00577,Murder,REDUCED
CASE_00578,Murder,UNKNOWN
CASE_00579,Murder,REDUCED
CASE_00580,Not Guilty,SENTENCE
CASE_00581,Murder,UPHELD
CASE_00582,Murder,UPHELD
CASE_00583,Murder,UNKNOWN
CASE_00584,Unknown,UNKNOWN
CASE_00585,Unknown,SENTENCE
CASE_00586,Murder,SENTENCE
CASE_00587,Murder,UNKNOWN
CASE_00588,Murder,REDUCED
CASE_00589,Murder,UPHELD
CASE_00590,Murder,SENTENCE
CASE_00591,Murder,UPHELD
CASE_00592,Murder,QUASHED
CASE_00593,Murder,QUASHED
CASE_00594,Unknown,UNKNOWN
CASE_00595,Murder,UPHELD
CASE_00596,Not Guilty,RETRIAL
CASE_00597,Murder,UPHELD
CASE_00598,Murder,UPHELD
CASE_00599,Murder,UPHELD
CASE_00600,Murder,QUASHED
CASE_00601,Manslaughter,SENTENCE
CASE_00602,Murder,UPHELD
CASE_00603,Murder,UPHELD
CASE_00604,Murder,QUASHED
CASE_00605,Murder,UPHELD
CASE_00606,Murder,UPHELD
CASE_00607,Murder,UPHELD
CASE_00608,Murder,UPHELD
CASE_00260,Unknown,SENTENCE
CASE_00264,Unknown,UNKNOWN
CASE_00269,Manslaughter,SENTENCE
CASE_00609,Murder,SENTENCE
CASE_00610,Murder,UPHELD
CASE_00611,Murder,UPHELD
CASE_00612,Murder,RETRIAL
CASE_00613,Murder,REDUCED
CASE_00614,Murder,UPHELD
CASE_00615,Murder,UPHELD
CASE_00616,Murder,UPHELD
CASE_00617,Unknown,SENTENCE
CASE_00618,Murder,QUASHED
CASE_00132,Unknown,UNKNOWN
CASE_00286,Unknown,UNKNOWN
CASE_00315,Unknown,UNKNOWN
CASE_00619,Murder,UPHELD
CASE_00620,Murder,UPHELD
CASE_00621,Unknown,UNKNOWN
CASE_00622,Murder,UNKNOWN
CASE_00623,Murder,UPHELD
CASE_00624,Murder,UPHELD
CASE_00625,Murder,QUASHED
CASE_00636,Not Guilty,UPHELD
CASE_00637,Manslaughter,UPHELD
CASE_00638,Murder,UNKNOWN
CASE_00270,Murder,UPHELD
CASE_00271,Murder,UPHELD
CASE_00273,Unknown,UNKNOWN
CASE_00626,Murder,UPHELD
CASE_00627,Murder,REDUCED
CASE_00628,Murder,SENTENCE
CASE_00629,Murder,UPHELD
CASE_00630,Murder,SENTENCE
CASE_00631,Murder,RETRIAL
CASE_00632,Murder,UPHELD
CASE_00633,Murder,UPHELD
CASE_00634,Murder,UPHELD
CASE_00635,Not Guilty,UPHELD
CASE_00639,Murder,RETRIAL
CASE_00640,Murder,REDUCED
CASE_00641,Murder,UPHELD
CASE_00642,Murder,UPHELD
CASE_00643,Murder,UPHELD
CASE_00644,Manslaughter,SENTENCE
CASE_00645,Manslaughter,UNKNOWN
CASE_00646,Manslaughter,SENTENCE
CASE_00647,Manslaughter,UPHELD
CASE_00648,Murder,RETRIAL
CASE_00649,Murder,UPHELD
CASE_00650,Murder,SENTENCE
CASE_00651,Murder,UPHELD
CASE_00652,Murder,UPHELD
CASE_00653,Murder,UNKNOWN
CASE_00654,Unknown,UNKNOWN
CASE_00655,Murder,UPHELD
CASE_00656,Murder,UPHELD
CASE_00657,Murder,UPHELD
CASE_00658,Murder,SENTENCE
CASE_00659,Manslaughter,SENTENCE
CASE_00660,Manslaughter,SENTENCE
CASE_00661,Murder,UPHELD
CASE_00662,Murder,RETRIAL
CASE_00663,Murder,SENTENCE
CASE_00664,Murder,UPHELD
CASE_00665,Manslaughter,UPHELD
CASE_00666,Murder,UNKNOWN
CASE_00667,Manslaughter,QUASHED
CASE_00668,Murder,QUASHED
CASE_00669,Murder,SENTENCE
CASE_00670,Murder,UPHELD
CASE_00671,Murder,UPHELD
CASE_00672,Murder,UPHELD
CASE_00673,Murder,UPHELD
CASE_00674,Murder,UPHELD
CASE_00675,Murder,UNKNOWN
CASE_00676,Murder,QUASHED
CASE_00677,Unknown,UNKNOWN
CASE_00678,Murder,UPHELD
CASE_00679,Murder,UPHELD
CASE_00680,Murder,UPHELD
CASE_00681,Unknown,UNKNOWN
CASE_00682,Murder,UPHELD
CASE_00683,Murder,UPHELD
CASE_00684,Murder,UPHELD
CASE_00685,Murder,SENTENCE
CASE_00686,Murder,SENTENCE
CASE_00687,Murder,SENTENCE
CASE_00688,Murder,QUASHED
CASE_00689,Murder,UNKNOWN
CASE_00690,Murder,UPHELD
CASE_00691,Murder,UPHELD
CASE_00692,Unknown,SENTENCE
CASE_00693,Not Guilty,UNKNOWN
CASE_00694,Murder,UPHELD
CASE_00695,Manslaughter,UPHELD
CASE_00696,Murder,UPHELD
CASE_00697,Murder,SENTENCE
CASE_00698,Murder,SENTENCE
CASE_00699,Murder,UPHELD
CASE_00700,Murder,QUASHED
CASE_00701,Not Guilty,QUASHED
CASE_00702,Murder,UPHELD
CASE_00703,Murder,UPHELD
CASE_00704,Murder,UPHELD
CASE_00705,Murder,QUASHED
CASE_00706,Murder,QUASHED
CASE_00707,Murder,SENTENCE
CASE_00708,Murder,UNKNOWN
CASE_00709,Murder,UPHELD
CASE_00710,Murder,UPHELD
CASE_00711,Murder,RETRIAL
CASE_00712,Murder,UNKNOWN
CASE_00713,Murder,UPHELD
CASE_00714,Murder,UPHELD
CASE_00715,Murder,UPHELD
CASE_00716,Murder,UPHELD
CASE_00717,Murder,RETRIAL
CASE_00718,Manslaughter,SENTENCE
CASE_00719,Murder,UPHELD
CASE_00720,Unknown,SENTENCE
CASE_00721,Unknown,SENTENCE
CASE_00722,Murder,RETRIAL
CASE_00723,Unknown,UNKNOWN
CASE_00724,Not Guilty,UNKNOWN
CASE_00725,Murder,UPHELD
CASE_00726,Murder,UPHELD
CASE_00727,Manslaughter,UPHELD
CASE_00728,Manslaughter,UPHELD
CASE_00729,Unknown,SENTENCE
CASE_00730,Manslaughter,SENTENCE
CASE_00731,Not Guilty,SENTENCE
CASE_00732,Murder,UPHELD
CASE_00733,Murder,UPHELD
CASE_00734,Murder,UPHELD
CASE_00735,Murder,UPHELD
CASE_00736,Unknown,UNKNOWN
CASE_00737,Murder,RETRIAL
CASE_00738,Murder,UNKNOWN
CASE_00739,Not Guilty,UNKNOWN
CASE_00740,Murder,UPHELD
CASE_00741,Murder,UPHELD
CASE_00742,Murder,UPHELD
CASE_00743,Murder,QUASHED
CASE_00744,Murder,UPHELD
CASE_00745,Murder,UNKNOWN
CASE_00746,Murder,UPHELD
CASE_00747,Murder,UPHELD
CASE_00748,Murder,UPHELD
CASE_00749,Murder,UPHELD
CASE_00750,Murder,UPHELD
CASE_00751,Unknown,UNKNOWN
CASE_00752,Murder,UPHELD
CASE_00753,Not Guilty,RETRIAL
CASE_00754,Manslaughter,SENTENCE
CASE_00755,Murder,UPHELD
CASE_00756,Manslaughter,SENTENCE
CASE_00757,Murder,UNKNOWN
CASE_00758,Manslaughter,RETRIAL
CASE_00759,Manslaughter,UPHELD
CASE_00760,Murder,UPHELD
CASE_00761,Murder,QUASHED
CASE_00762,Murder,QUASHED
CASE_00763,Murder,QUASHED
CASE_00764,Murder,UPHELD
CASE_00765,Manslaughter,SENTENCE
CASE_00766,Manslaughter,SENTENCE
CASE_00767,Murder,UPHELD
CASE_00768,Murder,SENTENCE
CASE_00769,Unknown,QUASHED
CASE_00770,Unknown,SENTENCE
CASE_00771,Murder,UNKNOWN
CASE_00772,Murder,UPHELD
CASE_00773,Murder,UPHELD
CASE_00774,Murder,UPHELD
CASE_00775,Murder,UNKNOWN
CASE_00776,Murder,UPHELD
CASE_00777,Murder,UPHELD
CASE_00778,Murder,UNKNOWN
CASE_00779,Murder,UPHELD
CASE_00780,Murder,UPHELD
CASE_00781,Murder,QUASHED
CASE_00782,Unknown,UNKNOWN
CASE_00783,Murder,QUASHED
CASE_00784,Murder,UPHELD
CASE_00785,Manslaughter,UPHELD
CASE_00786,Murder,QUASHED
CASE_00787,Unknown,SENTENCE
CASE_00788,Murder,SENTENCE
CASE_00789,Murder,SENTENCE
CASE_00790,Unknown,UNKNOWN
CASE_00791,Murder,UPHELD
CASE_00792,Unknown,UNKNOWN
CASE_00793,Murder,SENTENCE
CASE_00794,Manslaughter,SENTENCE
CASE_00795,Manslaughter,UPHELD
CASE_00796,Unknown,SENTENCE
CASE_00797,Manslaughter,SENTENCE
CASE_00798,Murder,UNKNOWN
CASE_00799,Unknown,SENTENCE
CASE_00800,Murder,UPHELD
CASE_00801,Manslaughter,UPHELD
CASE_00802,Murder,UPHELD
CASE_00803,Murder,UNKNOWN
CASE_00804,Not Guilty,UNKNOWN
CASE_00805,Murder,UPHELD
CASE_00806,Murder,UPHELD
CASE_00807,Murder,QUASHED
CASE_00808,Not Guilty,RETRIAL
CASE_00809,Murder,UPHELD
CASE_00810,Murder,SENTENCE
CASE_00811,Murder,UPHELD
CASE_00812,Unknown,SENTENCE
CASE_00813,Murder,RETRIAL
CASE_00814,Murder,UPHELD
CASE_00815,Murder,UPHELD
CASE_00816,Murder,REDUCED
CASE_00817,Murder,UPHELD
CASE_00818,Murder,UPHELD
CASE_00819,Manslaughter,SENTENCE
CASE_00820,Murder,SENTENCE
CASE_00821,Murder,UPHELD
CASE_00822,Murder,UPHELD
CASE_00823,Unknown,UNKNOWN
CASE_00824,Unknown,SENTENCE
CASE_00825,Manslaughter,SENTENCE
CASE_00826,Murder,UPHELD
CASE_00827,Murder,QUASHED
CASE_00828,Unknown,UNKNOWN
CASE_00829,Murder,RETRIAL
CASE_00830,Unknown,UNKNOWN
CASE_00831,Murder,UPHELD
CASE_00832,Murder,UPHELD
CASE_00833,Murder,UPHELD
CASE_00834,Manslaughter,UPHELD
CASE_00835,Not Guilty,UPHELD
CASE_00836,Murder,UPHELD
CASE_00837,Manslaughter,SENTENCE
CASE_00838,Manslaughter,UPHELD
CASE_00839,Murder,UPHELD
CASE_00840,Manslaughter,UPHELD
CASE_00841,Unknown,QUASHED
CASE_00842,Murder,UPHELD
CASE_00843,Murder,SENTENCE
CASE_00844,Unknown,SENTENCE
CASE_00845,Murder,SENTENCE
CASE_00846,Murder,UPHELD
CASE_00847,Murder,UPHELD
CASE_00848,Unknown,UNKNOWN
CASE_00849,Unknown,UNKNOWN
CASE_00850,Murder,QUASHED
CASE_00851,Murder,UPHELD
CASE_00852,Murder,UPHELD
CASE_00853,Murder,UPHELD
CASE_00854,Murder,UPHELD
CASE_00855,Murder,UNKNOWN
CASE_00856,Murder,UPHELD
CASE_00857,Murder,UPHELD
CASE_00858,Manslaughter,SENTENCE
CASE_00859,Manslaughter,SENTENCE
CASE_00860,Manslaughter,SENTENCE
CASE_00861,Murder,UPHELD
CASE_00862,Murder,UPHELD
CASE_00863,Murder,UPHELD
CASE_00864,Murder,UPHELD
CASE_00865,Murder,UPHELD
CASE_00866,Unknown,SENTENCE
CASE_00867,Murder,UNKNOWN
CASE_00868,Manslaughter,SENTENCE
CASE_00869,Unknown,UNKNOWN
CASE_00870,Murder,UPHELD
CASE_00871,Murder,UPHELD
CASE_00872,Unknown,SENTENCE
CASE_00873,Unknown,SENTENCE
CASE_00874,Murder,UPHELD
CASE_00875,Murder,UPHELD
CASE_00876,Murder,UPHELD
CASE_00877,Murder,UPHELD
CASE_00878,Murder,REDUCED
CASE_00879,Manslaughter,SENTENCE
CASE_00880,Murder,UPHELD
CASE_00881,Murder,UPHELD
CASE_00882,Murder,UNKNOWN
CASE_00883,Unknown,UNKNOWN
CASE_00884,Murder,QUASHED
CASE_00885,Murder,UPHELD
CASE_00886,Unknown,UNKNOWN
CASE_00887,Murder,UPHELD
CASE_00888,Murder,UPHELD
CASE_00889,Murder,UPHELD
CASE_00890,Unknown,UNKNOWN
CASE_00891,Murder,UNKNOWN
CASE_00892,Murder,UPHELD
CASE_00893,Unknown,UNKNOWN
CASE_00894,Murder,UPHELD
CASE_00895,Murder,QUASHED
CASE_00896,Unknown,UNKNOWN
CASE_00897,Murder,UPHELD
CASE_00898,Murder,QUASHED
CASE_00899,Unknown,UNKNOWN
CASE_00900,Murder,UPHELD
CASE_00901,Murder,UPHELD
CASE_00902,Manslaughter,SENTENCE
CASE_00903,Murder,RETRIAL
CASE_00904,Murder,SENTENCE
CASE_00905,Murder,UPHELD
CASE_00906,Unknown,SENTENCE
CASE_00907,Murder,RETRIAL
CASE_00908,Manslaughter,SENTENCE
CASE_00909,Unknown,UNKNOWN
CASE_00910,Unknown,SENTENCE
CASE_00911,Manslaughter,SENTENCE
CASE_00912,Murder,RETRIAL
CASE_00913,Murder,UPHELD
CASE_00914,Murder,UPHELD
CASE_00915,Murder,UPHELD
CASE_00916,Murder,UPHELD
CASE_00917,Not Guilty,RETRIAL
CASE_00918,Murder,QUASHED
CASE_00919,Murder,UPHELD
CASE_00920,Murder,UPHELD
CASE_00921,Murder,UPHELD
CASE_00922,Unknown,UNKNOWN
CASE_00923,Unknown,UNKNOWN
CASE_00924,Murder,UPHELD
CASE_00925,Murder,UPHELD
CASE_00926,Murder,UPHELD
CASE_00927,Unknown,SENTENCE
CASE_00928,Not Guilty,QUASHED
CASE_00929,Unknown,UNKNOWN
CASE_00930,Murder,SENTENCE
CASE_00931,Murder,UPHELD
CASE_00932,Unknown,UNKNOWN
CASE_00933,Manslaughter,UPHELD
CASE_00934,Murder,UPHELD
CASE_00935,Murder,UPHELD
CASE_00936,Murder,UPHELD
CASE_00937,Murder,RETRIAL
CASE_00938,Unknown,UNKNOWN
CASE_00939,Murder,UPHELD
CASE_00940,Unknown,UNKNOWN
CASE_00941,Unknown,UNKNOWN
CASE_00942,Unknown,UNKNOWN
CASE_00943,Murder,UPHELD
CASE_00944,Unknown,SENTENCE
CASE_00945,Murder,SENTENCE
CASE_00946,Unknown,SENTENCE
CASE_00947,Murder,UPHELD
CASE_00948,Manslaughter,SENTENCE
CASE_00949,Unknown,UNKNOWN
CASE_00950,Murder,UPHELD
CASE_00951,Unknown,QUASHED
CASE_00952,Manslaughter,UPHELD
CASE_00953,Manslaughter,SENTENCE
CASE_00954,Unknown,SENTENCE
CASE_00955,Unknown,SENTENCE
CASE_00956,Murder,UPHELD
CASE_00957,Unknown,SENTENCE
CASE_00958,Not Guilty,SENTENCE
CASE_00959,Unknown,UPHELD
CASE_00960,Unknown,SENTENCE
CASE_00961,Unknown,UNKNOWN
CASE_00962,Murder,SENTENCE
CASE_00963,Murder,QUASHED
CASE_00964,Murder,UPHELD
CASE_00965,Murder,UPHELD
CASE_00966,Unknown,UNKNOWN
CASE_00967,Murder,UPHELD
CASE_00968,Murder,UNKNOWN
CASE_00969,Murder,UPHELD
CASE_00970,Murder,UPHELD
CASE_00971,Murder,UPHELD
CASE_00972,Murder,UPHELD
CASE_00973,Murder,UPHELD
CASE_00974,Murder,UNKNOWN
CASE_00975,Murder,UPHELD
CASE_00976,Unknown,SENTENCE
CASE_00977,Murder,UPHELD
CASE_00978,Unknown,UNKNOWN
CASE_00979,Murder,UPHELD
CASE_00980,Manslaughter,UPHELD
CASE_00981,Unknown,SENTENCE
CASE_00982,Murder,UPHELD
CASE_00983,Unknown,SENTENCE
CASE_00984,Murder,QUASHED
CASE_00985,Murder,REDUCED
CASE_00986,Murder,UPHELD
CASE_00987,Unknown,UNKNOWN
CASE_00988,Murder,UPHELD
CASE_00989,Murder,UPHELD
CASE_00990,Murder,UPHELD
CASE_00991,Murder,UPHELD
CASE_00992,Unknown,UNKNOWN
CASE_00993,Manslaughter,SENTENCE
CASE_00994,Manslaughter,UPHELD
