analysis,key,value,node,P_Murder_given_node_0,P_Murder_given_node_1,delta_P_Murder,direction_vs_node0,abs_delta,pathway,P_Murder_node_0,P_Murder_node_1,cpt_node,parent_config_index,child_state_index,child_state_label,baseline_prob,best_multiplier,P_Murder_baseline,P_Murder_perturbed,max_abs_delta_P_Murder,row_type,n_perturbation_trials,mean_abs_delta_P_Murder
metadata,BIF,/Users/jennatieby/Desktop/Criminal_Cases_BN/outputs/homicide_bn_train.bif,,,,,,,,,,,,,,,,,,,,,
metadata,P_Murder_unconditional,0.7312522346341669,,,,,,,,,,,,,,,,,,,,,
metadata,mean_P_Murder_scenario_full_corpus,0.7259516619213636,,,,,,,,,,,,,,,,,,,,,
single_node,,,UnlawfulKilling,0.6979274432622263,0.7477577541423465,0.04983031088012013,INCREASES,0.04983031088012013,,,,,,,,,,,,,,,
single_node,,,Defences,0.7382236053369838,0.7094405035379308,-0.02878310179905308,DECREASES,0.02878310179905308,,,,,,,,,,,,,,,
single_node,,,MaliceAforethought,0.7212921503056836,0.7407831175021409,0.019490967196457265,INCREASES,0.019490967196457265,,,,,,,,,,,,,,,
single_node,,,LegalCausation,0.7260960649812597,0.744137408084507,0.018041343103247343,INCREASES,0.018041343103247343,,,,,,,,,,,,,,,
single_node,,,DeathOfHumanBeing,0.718140960633196,0.7324973460593706,0.014356385426174567,INCREASES,0.014356385426174567,,,,,,,,,,,,,,,
single_node,,,LossOfControl,0.7324898643252781,0.7192833561927999,-0.013206508132478145,DECREASES,0.013206508132478145,,,,,,,,,,,,,,,
single_node,,,FactualCausation,0.729659896811152,0.7379246592883109,0.008264762477158905,INCREASES,0.008264762477158905,,,,,,,,,,,,,,,
single_node,,,DiminishedResponsibility,0.7319474205244717,0.7278988464243235,-0.00404857410014825,DECREASES,0.00404857410014825,,,,,,,,,,,,,,,
single_node,,,MensReaIntent,0.7285968412785846,0.7324572844709207,0.003860443192336138,INCREASES,0.003860443192336138,,,,,,,,,,,,,,,
single_node,,,VoluntaryAct,0.7298801177549007,0.7315651047445928,0.0016849869896921055,INCREASES,0.0016849869896921055,,,,,,,,,,,,,,,
single_node,,,IntentToKill,0.7310807805139644,0.7317939964425549,0.0007132159285905271,INCREASES,0.0007132159285905271,,,,,,,,,,,,,,,
single_node,,,IntentToCauseGBH,0.7311841939059625,0.7316061938014683,0.0004219998955058424,INCREASES,0.0004219998955058424,,,,,,,,,,,,,,,
pathway,,,UnlawfulKilling,,,0.04983031088012013,,,ACTUS_REUS,0.6979274432622263,0.7477577541423465,,,,,,,,,,,,
pathway,,,MaliceAforethought,,,0.019490967196457265,,,MENS_REA,0.7212921503056836,0.7407831175021409,,,,,,,,,,,,
pathway,,,Defences,,,-0.02878310179905308,,,DEFENCES,0.7382236053369838,0.7094405035379308,,,,,,,,,,,,
cpt_top_entry,,,,,,,,,,,,Verdict,3.0,1.0,Murder,0.7603894974786993,0.8,0.7312522346341669,0.7201228280365629,0.011129406597603975,cpt_entry,,
cpt_top_entry,,,,,,,,,,,,Verdict,1.0,1.0,Murder,0.7605669450771956,0.8,0.7312522346341669,0.7206073760289482,0.010644858605218688,cpt_entry,,
cpt_top_entry,,,,,,,,,,,,Verdict,0.0,1.0,Murder,0.6654088050314465,0.8,0.7312522346341669,0.7249478487010613,0.006304385933105561,cpt_entry,,
cpt_top_entry,,,,,,,,,,,,Verdict,3.0,0.0,Manslaughter,0.15110415579899147,0.8,0.7312522346341669,0.7373888043408672,0.00613656970670029,cpt_entry,,
cpt_top_entry,,,,,,,,,,,,Verdict,2.0,1.0,Murder,0.7199800697558545,0.8,0.7312522346341669,0.7252102252701593,0.006042009364007561,cpt_entry,,
cpt_top_entry,,,,,,,,,,,,Verdict,1.0,0.0,Manslaughter,0.13490255631485698,0.8,0.7312522346341669,0.7364785090345985,0.005226274400431663,cpt_entry,,
cpt_top_entry,,,,,,,,,,,,Verdict,2.0,2.0,Not_Guilty,0.22969606377678126,0.8,0.7312522346341669,0.735699015666533,0.004446781032366065,cpt_entry,,
cpt_top_entry,,,,,,,,,,,,Verdict,7.0,1.0,Murder,0.6915927334178286,0.8,0.7312522346341669,0.7271545142069425,0.004097720427224338,cpt_entry,,
cpt_top_entry,,,,,,,,,,,,Verdict,1.0,2.0,Not_Guilty,0.10453049860794734,0.8,0.7312522346341669,0.7352767375352277,0.004024502901060822,cpt_entry,,
cpt_top_entry,,,,,,,,,,,,Verdict,5.0,1.0,Murder,0.7250737463126844,0.8,0.7312522346341669,0.7275588551296851,0.0036933795044817863,cpt_entry,,
cpt_top_entry,,,,,,,,,,,,Verdict,3.0,2.0,Not_Guilty,0.08850634672230914,0.8,0.7312522346341669,0.7348008011151461,0.0035485664809792317,cpt_entry,,
cpt_top_entry,,,,,,,,,,,,Verdict,0.0,2.0,Not_Guilty,0.19446540880503146,0.8,0.7312522346341669,0.7345572773814125,0.0033050427472456345,cpt_entry,,
cpt_top_entry,,,,,,,,,,,,Verdict,7.0,0.0,Manslaughter,0.2454583861427968,0.8,0.7312522346341669,0.7342075490605359,0.0029553144263689823,cpt_entry,,
cpt_top_entry,,,,,,,,,,,,Verdict,5.0,0.0,Manslaughter,0.24365781710914453,0.8,0.7312522346341669,0.7341942409836582,0.0029420063494912663,cpt_entry,,
cpt_top_entry,,,,,,,,,,,,Verdict,0.0,0.0,Manslaughter,0.140125786163522,0.8,0.7312522346341669,0.733607118321377,0.002354883687210152,cpt_entry,,
cpt_top_entry,,,,,,,,,,,,Verdict,4.0,1.0,Murder,0.6404040404040404,0.8,0.7312522346341669,0.7291800017951545,0.0020722328390123668,cpt_entry,,
cpt_top_entry,,,,,,,,,,,,Verdict,6.0,1.0,Murder,0.7813333333333333,0.8,0.7312522346341669,0.7295919232886781,0.0016603113454888296,cpt_entry,,
cpt_top_entry,,,,,,,,,,,,UnlawfulKilling,4.0,1.0,1,0.5635094442923625,0.8,0.7312522346341669,0.7297447056731221,0.0015075289610447795,cpt_entry,,
cpt_top_entry,,,,,,,,,,,,UnlawfulKilling,4.0,0.0,0,0.43649055570763756,0.8,0.7312522346341669,0.7327178036397259,0.0014655690055590531,cpt_entry,,
cpt_top_entry,,,,,,,,,,,,Verdict,6.0,0.0,Manslaughter,0.2053333333333333,0.8,0.7312522346341669,0.7326240106335115,0.001371775999344571,cpt_entry,,
cpt_node_mean,,,,,,,,,,,,DeathOfHumanBeing,,,,,,,,,node_mean_abs_delta,8.0,0.00016056945742293216
cpt_node_mean,,,,,,,,,,,,Defences,,,,,,,,,node_mean_abs_delta,32.0,0.0001772979307157578
cpt_node_mean,,,,,,,,,,,,DiminishedResponsibility,,,,,,,,,node_mean_abs_delta,8.0,8.732226121146991e-05
cpt_node_mean,,,,,,,,,,,,FactualCausation,,,,,,,,,node_mean_abs_delta,16.0,9.293833469330853e-05
cpt_node_mean,,,,,,,,,,,,IntentToCauseGBH,,,,,,,,,node_mean_abs_delta,8.0,8.615725181210232e-06
cpt_node_mean,,,,,,,,,,,,IntentToKill,,,,,,,,,node_mean_abs_delta,8.0,1.9725300515652244e-05
cpt_node_mean,,,,,,,,,,,,LegalCausation,,,,,,,,,node_mean_abs_delta,16.0,0.00026565446375948626
cpt_node_mean,,,,,,,,,,,,LossOfControl,,,,,,,,,node_mean_abs_delta,8.0,0.00015992376811271858
cpt_node_mean,,,,,,,,,,,,MaliceAforethought,,,,,,,,,node_mean_abs_delta,16.0,0.00035573177732872024
cpt_node_mean,,,,,,,,,,,,MensReaIntent,,,,,,,,,node_mean_abs_delta,32.0,3.003740076974043e-05
cpt_node_mean,,,,,,,,,,,,UnlawfulKilling,,,,,,,,,node_mean_abs_delta,64.0,0.00017006822573616825
cpt_node_mean,,,,,,,,,,,,Verdict,,,,,,,,,node_mean_abs_delta,96.0,0.0024581621446887344
cpt_node_mean,,,,,,,,,,,,VoluntaryAct,,,,,,,,,node_mean_abs_delta,8.0,3.86258162002745e-05
