cpt_node,parent_config_index,child_state_index,child_state_label,baseline_prob,best_multiplier,P_Murder_baseline,P_Murder_perturbed,max_abs_delta_P_Murder,row_type,n_perturbation_trials,mean_abs_delta_P_Murder
DeathOfHumanBeing,0.0,0.0,0,0.08672875436554132,0.8,0.7312522346341669,0.7314836740164846,0.00023143938231773298,cpt_entry,,
DeathOfHumanBeing,0.0,1.0,1,0.9132712456344587,0.8,0.7312522346341669,0.7309739865461246,0.00027824808804233214,cpt_entry,,
Defences,0.0,0.0,0,0.8271767810026385,0.8,0.7312522346341669,0.7305120241598158,0.0007402104743511329,cpt_entry,,
Defences,0.0,1.0,1,0.17282321899736147,0.8,0.7312522346341669,0.731892105016887,0.0006398703827200647,cpt_entry,,
Defences,1.0,0.0,0,0.344559585492228,0.8,0.7312522346341669,0.7311438522173328,0.00010838241683408523,cpt_entry,,
Defences,1.0,1.0,1,0.655440414507772,0.8,0.7312522346341669,0.7313683725012217,0.00011613786705477747,cpt_entry,,
Defences,2.0,0.0,0,0.6735357917570499,0.8,0.7312522346341669,0.731024586003851,0.00022764863031587979,cpt_entry,,
Defences,2.0,1.0,1,0.3264642082429501,0.8,0.7312522346341669,0.7314629773555245,0.00021074272135757077,cpt_entry,,
Defences,3.0,0.0,0,0.32945736434108525,0.8,0.7312522346341669,0.7312303269009983,2.1907733168569088e-05,cpt_entry,,
Defences,3.0,1.0,1,0.6705426356589147,0.8,0.7312522346341669,0.7312758683122941,2.3633678127188418e-05,cpt_entry,,
DiminishedResponsibility,0.0,0.0,0,0.8282887077997672,0.8,0.7312522346341669,0.7311142062370826,0.00013802839708432213,cpt_entry,,
DiminishedResponsibility,0.0,1.0,1,0.17171129220023282,0.8,0.7312522346341669,0.731371493166042,0.00011925853187511049,cpt_entry,,
FactualCausation,0.0,0.0,0,0.9733542319749217,0.8,0.7312522346341669,0.7312621191098864,9.884475719479369e-06,cpt_entry,,
FactualCausation,0.0,1.0,1,0.02664576802507837,0.8,0.7312522346341669,0.731244231728991,8.002905175885644e-06,cpt_entry,,
FactualCausation,1.0,0.0,0,0.7694781987133666,0.8,0.7312522346341669,0.7315344231390206,0.0002821885048537309,cpt_entry,,
FactualCausation,1.0,1.0,1,0.2305218012866333,0.8,0.7312522346341669,0.7310019337475461,0.0002503008866208134,cpt_entry,,
IntentToCauseGBH,0.0,0.0,0,0.8387660069848661,0.8,0.7312522346341669,0.7312659493759969,1.3714741829984334e-05,cpt_entry,,
IntentToCauseGBH,0.0,1.0,1,0.1612339930151339,0.8,0.7312522346341669,0.731240440253156,1.1794381010843402e-05,cpt_entry,,
IntentToKill,0.0,0.0,0,0.759604190919674,0.8,0.7312522346341669,0.7312829481038805,3.071346971361688e-05,cpt_entry,,
IntentToKill,0.0,1.0,1,0.24039580908032596,0.8,0.7312522346341669,0.7312248715882008,2.7363045966066757e-05,cpt_entry,,
LegalCausation,0.0,0.0,0,0.7400865176640231,0.8,0.7312522346341669,0.7319529162762051,0.0007006816420381812,cpt_entry,,
LegalCausation,0.0,1.0,1,0.25991348233597694,0.8,0.7312522346341669,0.7306225323781805,0.000629702255986353,cpt_entry,,
LegalCausation,1.0,0.0,0,0.6057401812688822,0.8,0.7312522346341669,0.7313717081450126,0.00011947351084573565,cpt_entry,,
LegalCausation,1.0,1.0,1,0.3942598187311178,0.8,0.7312522346341669,0.7311382469519595,0.00011398768220738376,cpt_entry,,
LossOfControl,0.0,0.0,0,0.9062863795110594,0.8,0.7312522346341669,0.7309782421090624,0.0002739925251045161,cpt_entry,,
LossOfControl,0.0,1.0,1,0.09371362048894064,0.8,0.7312522346341669,0.7314808488741787,0.0002286142400118596,cpt_entry,,
MaliceAforethought,0.0,0.0,0,0.6252268602540835,0.8,0.7312522346341669,0.7315781101865177,0.00032587555235086274,cpt_entry,,
MaliceAforethought,0.0,1.0,1,0.37477313974591653,0.8,0.7312522346341669,0.7309440050799422,0.0003082295542247149,cpt_entry,,
MaliceAforethought,1.0,0.0,0,0.4271636675235647,0.8,0.7312522346341669,0.7319696394590118,0.0007174048248449472,cpt_entry,,
MaliceAforethought,1.0,1.0,1,0.5728363324764353,0.8,0.7312522346341669,0.7305112241149013,0.0007410105192655614,cpt_entry,,
MensReaIntent,0.0,0.0,0,0.38235294117647056,0.8,0.7312522346341669,0.731378025589995,0.00012579095582809785,cpt_entry,,
MensReaIntent,0.0,1.0,1,0.6176470588235294,0.8,0.7312522346341669,0.7311196898015158,0.00013254483265112693,cpt_entry,,
MensReaIntent,1.0,0.0,0,0.16365280289330922,0.8,0.7312522346341669,0.7312742637700738,2.202913590687583e-05,cpt_entry,,
MensReaIntent,1.0,1.0,1,0.8363471971066908,0.8,0.7312522346341669,0.7312266463935662,2.558824060072684e-05,cpt_entry,,
MensReaIntent,2.0,0.0,0,0.22241992882562278,0.8,0.7312522346341669,0.7312693502280159,1.711559384898198e-05,cpt_entry,,
MensReaIntent,2.0,1.0,1,0.7775800711743772,0.8,0.7312522346341669,0.7312328686967524,1.936593741447279e-05,cpt_entry,,
MensReaIntent,3.0,0.0,0,0.21428571428571427,0.8,0.7312522346341669,0.7312574988267541,5.264192587173255e-06,cpt_entry,,
MensReaIntent,3.0,1.0,1,0.7857142857142857,0.8,0.7312522346341669,0.7312462566527543,5.97798141255268e-06,cpt_entry,,
UnlawfulKilling,0.0,0.0,0,0.7472406181015453,0.8,0.7312522346341669,0.7313669150988705,0.00011468046470364257,cpt_entry,,
UnlawfulKilling,0.0,1.0,1,0.25275938189845476,0.8,0.7312522346341669,0.73114949949571,0.00010273513845693305,cpt_entry,,
UnlawfulKilling,1.0,0.0,0,0.13636363636363635,0.8,0.7312522346341669,0.7312741933638401,2.195872967325485e-05,cpt_entry,,
UnlawfulKilling,1.0,1.0,1,0.8636363636363636,0.8,0.7312522346341669,0.7312264150289466,2.58196052203008e-05,cpt_entry,,
UnlawfulKilling,2.0,0.0,0,0.9444444444444444,0.8,0.7312522346341669,0.7312587599491328,6.52531496592168e-06,cpt_entry,,
UnlawfulKilling,2.0,1.0,1,0.05555555555555555,0.8,0.7312522346341669,0.7312468824095318,5.3522246350468095e-06,cpt_entry,,
UnlawfulKilling,3.0,0.0,0,0.11904761904761904,0.8,0.7312522346341669,0.7312592882635138,7.053629346942536e-06,cpt_entry,,
UnlawfulKilling,3.0,1.0,1,0.8809523809523809,0.8,0.7312522346341669,0.7312438762872528,8.358346914039139e-06,cpt_entry,,
UnlawfulKilling,4.0,0.0,0,0.43649055570763756,0.8,0.7312522346341669,0.7327178036397259,0.0014655690055590531,cpt_entry,,
UnlawfulKilling,4.0,1.0,1,0.5635094442923625,0.8,0.7312522346341669,0.7297447056731221,0.0015075289610447795,cpt_entry,,
UnlawfulKilling,5.0,0.0,0,0.07216117216117215,0.8,0.7312522346341669,0.7313819809745508,0.0001297463403838739,cpt_entry,,
UnlawfulKilling,5.0,1.0,1,0.9278388278388279,0.8,0.7312522346341669,0.7310952248727938,0.00015700976137311695,cpt_entry,,
UnlawfulKilling,6.0,0.0,0,0.22523117569352707,0.8,0.7312522346341669,0.7314463379209339,0.00019410328676705557,cpt_entry,,
UnlawfulKilling,6.0,1.0,1,0.7747688243064729,0.8,0.7312522346341669,0.7310328860864042,0.00021934854776273216,cpt_entry,,
UnlawfulKilling,7.0,0.0,0,0.05289421157684631,0.8,0.7312522346341669,0.7312872401252396,3.500549107271489e-05,cpt_entry,,
UnlawfulKilling,7.0,1.0,1,0.9471057884231537,0.8,0.7312522346341669,0.7312095056956671,4.2728938499769775e-05,cpt_entry,,
Verdict,0.0,0.0,Manslaughter,0.140125786163522,0.8,0.7312522346341669,0.733607118321377,0.002354883687210152,cpt_entry,,
Verdict,0.0,1.0,Murder,0.6654088050314465,0.8,0.7312522346341669,0.7249478487010613,0.006304385933105561,cpt_entry,,
Verdict,0.0,2.0,Not_Guilty,0.19446540880503146,0.8,0.7312522346341669,0.7345572773814125,0.0033050427472456345,cpt_entry,,
Verdict,1.0,0.0,Manslaughter,0.13490255631485698,0.8,0.7312522346341669,0.7364785090345985,0.005226274400431663,cpt_entry,,
Verdict,1.0,1.0,Murder,0.7605669450771956,0.8,0.7312522346341669,0.7206073760289482,0.010644858605218688,cpt_entry,,
Verdict,1.0,2.0,Not_Guilty,0.10453049860794734,0.8,0.7312522346341669,0.7352767375352277,0.004024502901060822,cpt_entry,,
Verdict,2.0,0.0,Manslaughter,0.05032386646736422,0.8,0.7312522346341669,0.7321911694874942,0.0009389348533273001,cpt_entry,,
Verdict,2.0,1.0,Murder,0.7199800697558545,0.8,0.7312522346341669,0.7252102252701593,0.006042009364007561,cpt_entry,,
Verdict,2.0,2.0,Not_Guilty,0.22969606377678126,0.8,0.7312522346341669,0.735699015666533,0.004446781032366065,cpt_entry,,
Verdict,3.0,0.0,Manslaughter,0.15110415579899147,0.8,0.7312522346341669,0.7373888043408672,0.00613656970670029,cpt_entry,,
Verdict,3.0,1.0,Murder,0.7603894974786993,0.8,0.7312522346341669,0.7201228280365629,0.011129406597603975,cpt_entry,,
Verdict,3.0,2.0,Not_Guilty,0.08850634672230914,0.8,0.7312522346341669,0.7348008011151461,0.0035485664809792317,cpt_entry,,
Verdict,4.0,0.0,Manslaughter,0.15555555555555556,0.8,0.7312522346341669,0.7320589336668986,0.0008066990327316725,cpt_entry,,
Verdict,4.0,1.0,Murder,0.6404040404040404,0.8,0.7312522346341669,0.7291800017951545,0.0020722328390123668,cpt_entry,,
Verdict,4.0,2.0,Not_Guilty,0.20404040404040402,0.8,0.7312522346341669,0.7323210695904003,0.0010688349562334443,cpt_entry,,
Verdict,5.0,0.0,Manslaughter,0.24365781710914453,0.8,0.7312522346341669,0.7341942409836582,0.0029420063494912663,cpt_entry,,
Verdict,5.0,1.0,Murder,0.7250737463126844,0.8,0.7312522346341669,0.7275588551296851,0.0036933795044817863,cpt_entry,,
Verdict,5.0,2.0,Not_Guilty,0.03126843657817109,0.8,0.7312522346341669,0.7316136419839503,0.0003614073497834047,cpt_entry,,
Verdict,6.0,0.0,Manslaughter,0.2053333333333333,0.8,0.7312522346341669,0.7326240106335115,0.001371775999344571,cpt_entry,,
Verdict,6.0,1.0,Murder,0.7813333333333333,0.8,0.7312522346341669,0.7295919232886781,0.0016603113454888296,cpt_entry,,
Verdict,6.0,2.0,Not_Guilty,0.013333333333333332,0.8,0.7312522346341669,0.7313378813195902,8.564668542332399e-05,cpt_entry,,
Verdict,7.0,0.0,Manslaughter,0.2454583861427968,0.8,0.7312522346341669,0.7342075490605359,0.0029553144263689823,cpt_entry,,
Verdict,7.0,1.0,Murder,0.6915927334178286,0.8,0.7312522346341669,0.7271545142069425,0.004097720427224338,cpt_entry,,
Verdict,7.0,2.0,Not_Guilty,0.06294888043937474,0.8,0.7312522346341669,0.7319821203403517,0.0007298857061848185,cpt_entry,,
VoluntaryAct,0.0,0.0,0,0.18568102444703144,0.8,0.7312522346341669,0.7313051551134905,5.292047932359267e-05,cpt_entry,,
VoluntaryAct,0.0,1.0,1,0.8143189755529686,0.8,0.7312522346341669,0.731191366147936,6.086848623088059e-05,cpt_entry,,
DeathOfHumanBeing,,,,,,,,,node_mean_abs_delta,8.0,0.00016056945742293216
Defences,,,,,,,,,node_mean_abs_delta,32.0,0.0001772979307157578
DiminishedResponsibility,,,,,,,,,node_mean_abs_delta,8.0,8.732226121146991e-05
FactualCausation,,,,,,,,,node_mean_abs_delta,16.0,9.293833469330853e-05
IntentToCauseGBH,,,,,,,,,node_mean_abs_delta,8.0,8.615725181210232e-06
IntentToKill,,,,,,,,,node_mean_abs_delta,8.0,1.9725300515652244e-05
LegalCausation,,,,,,,,,node_mean_abs_delta,16.0,0.00026565446375948626
LossOfControl,,,,,,,,,node_mean_abs_delta,8.0,0.00015992376811271858
MaliceAforethought,,,,,,,,,node_mean_abs_delta,16.0,0.00035573177732872024
MensReaIntent,,,,,,,,,node_mean_abs_delta,32.0,3.003740076974043e-05
UnlawfulKilling,,,,,,,,,node_mean_abs_delta,64.0,0.00017006822573616825
Verdict,,,,,,,,,node_mean_abs_delta,96.0,0.0024581621446887344
VoluntaryAct,,,,,,,,,node_mean_abs_delta,8.0,3.86258162002745e-05
